node,seg,start,offset,process,wait,down,idle,workId,agvId
Source #11,1,249.800,249.800,0,0,0,0,,
Source #22,1,249.800,249.800,0,0,0,0,,
Source #12,1,249.800,249.800,0,0,0,0,,
Source #29,1,249.800,249.800,0,0,0,0,,
Source #43,1,249.800,249.800,0,0,0,0,,
Source #54,1,249.800,249.800,0,0,0,0,,
Source #1,1,249.800,249.800,0,0,0,0,,
Source #65,1,249.800,249.800,0,0,0,0,,
EquipmentNode #13,1,249.800,249.800,1.300,0,0,0,20,
EquipmentNode #13,2,251.100,251.100,0,18.100,0,0,20,
EquipmentNode #13,3,269.200,269.200,0,0,3.000,0,20,
EquipmentNode #13,4,272.200,272.200,0,0,0,0.100,20,
EquipmentNode #13,5,272.300,272.300,2.000,0,0,0,21,
EquipmentNode #13,6,274.300,274.300,0,18.100,0,0,21,
EquipmentNode #13,7,292.400,292.400,0,0,3.000,0,21,
EquipmentNode #13,8,295.400,295.400,0,0,0,0.100,21,
EquipmentNode #13,9,295.500,295.500,2.000,0,0,0,22,
EquipmentNode #13,10,297.500,297.500,0,18.100,0,0,22,
EquipmentNode #13,11,315.600,315.600,0,0,3.000,0,22,
EquipmentNode #13,12,318.600,318.600,0,0,0,0.100,22,
EquipmentNode #13,13,318.700,318.700,2.000,0,0,0,23,
EquipmentNode #13,14,320.700,320.700,0,18.100,0,0,23,
EquipmentNode #13,15,338.800,338.800,0,0,3.000,0,23,
EquipmentNode #13,16,341.800,341.800,0,0,0,0.100,23,
EquipmentNode #13,17,341.900,341.900,2.000,0,0,0,24,
EquipmentNode #13,18,343.900,343.900,0,18.100,0,0,24,
EquipmentNode #13,19,362.000,362.000,0,0,3.000,0,24,
EquipmentNode #13,20,365.000,365.000,0,0,0,0.100,24,
EquipmentNode #13,21,365.100,365.100,2.000,0,0,0,25,
EquipmentNode #13,22,367.100,367.100,0,18.100,0,0,25,
EquipmentNode #13,23,385.200,385.200,0,0,3.000,0,25,
EquipmentNode #13,24,388.200,388.200,0,0,0,0.100,25,
EquipmentNode #13,25,388.300,388.300,2.000,0,0,0,26,
EquipmentNode #13,26,390.300,390.300,0,18.100,0,0,26,
EquipmentNode #13,27,408.400,408.400,0,0,3.000,0,26,
EquipmentNode #13,28,411.400,411.400,0,0,0,0.100,26,
EquipmentNode #13,29,411.500,411.500,2.000,0,0,0,27,
EquipmentNode #13,30,413.500,413.500,0,18.100,0,0,27,
EquipmentNode #13,31,431.600,431.600,0,0,3.000,0,27,
EquipmentNode #13,32,434.600,434.600,0,0,0,0.100,27,
EquipmentNode #13,33,434.700,434.700,2.000,0,0,0,28,
EquipmentNode #13,34,436.700,436.700,0,18.100,0,0,28,
EquipmentNode #13,35,454.800,454.800,0,0,3.000,0,28,
EquipmentNode #13,36,457.800,457.800,0,0,0,0.100,28,
EquipmentNode #13,37,457.900,457.900,2.000,0,0,0,29,
EquipmentNode #13,38,459.900,459.900,0,18.100,0,0,29,
EquipmentNode #13,39,478.000,478.000,0,0,3.000,0,29,
EquipmentNode #13,40,481.000,481.000,0,0,0,0.100,29,
EquipmentNode #13,41,481.100,481.100,2.000,0,0,0,30,
EquipmentNode #13,42,483.100,483.100,0,18.100,0,0,30,
EquipmentNode #13,43,501.200,501.200,0,0,3.000,0,30,
EquipmentNode #13,44,504.200,504.200,0,0,0,0.100,30,
EquipmentNode #13,45,504.300,504.300,2.000,0,0,0,31,
EquipmentNode #13,46,506.300,506.300,0,18.100,0,0,31,
EquipmentNode #13,47,524.400,524.400,0,0,3.000,0,31,
EquipmentNode #13,48,527.400,527.400,0,0,0,0.100,31,
EquipmentNode #13,49,527.500,527.500,2.000,0,0,0,32,
EquipmentNode #13,50,529.500,529.500,0,18.100,0,0,32,
EquipmentNode #13,51,547.600,547.600,0,0,3.000,0,32,
EquipmentNode #13,52,550.600,550.600,0,0,0,0.100,32,
EquipmentNode #13,53,550.700,550.700,2.000,0,0,0,33,
EquipmentNode #13,54,552.700,552.700,0,18.100,0,0,33,
EquipmentNode #13,55,570.800,570.800,0,0,3.000,0,33,
EquipmentNode #13,56,573.800,573.800,0,0,0,0.100,33,
EquipmentNode #13,57,573.900,573.900,2.000,0,0,0,34,
EquipmentNode #13,58,575.900,575.900,0,18.100,0,0,34,
EquipmentNode #13,59,594.000,594.000,0,0,3.000,0,34,
EquipmentNode #13,60,597.000,597.000,0,0,0,0.100,34,
EquipmentNode #13,61,597.100,597.100,2.000,0,0,0,35,
EquipmentNode #13,62,599.100,599.100,0,18.100,0,0,35,
EquipmentNode #13,63,617.200,617.200,0,0,3.000,0,35,
EquipmentNode #13,64,620.200,620.200,0,0,0,0.100,35,
EquipmentNode #13,65,620.300,620.300,2.000,0,0,0,36,
EquipmentNode #13,66,622.300,622.300,0,18.100,0,0,36,
EquipmentNode #13,67,640.400,640.400,0,0,3.000,0,36,
EquipmentNode #13,68,643.400,643.400,0,0,0,0.100,36,
EquipmentNode #13,69,643.500,643.500,2.000,0,0,0,37,
EquipmentNode #13,70,645.500,645.500,0,18.100,0,0,37,
EquipmentNode #13,71,663.600,663.600,0,0,3.000,0,37,
EquipmentNode #13,72,666.600,666.600,0,0,0,0.100,37,
EquipmentNode #13,73,666.700,666.700,2.000,0,0,0,38,
EquipmentNode #13,74,668.700,668.700,0,18.100,0,0,38,
EquipmentNode #13,75,686.800,686.800,0,0,3.000,0,38,
EquipmentNode #13,76,689.800,689.800,0,0,0,0.100,38,
EquipmentNode #13,77,689.900,689.900,2.000,0,0,0,39,
EquipmentNode #13,78,691.900,691.900,0,18.100,0,0,39,
EquipmentNode #13,79,710.000,710.000,0,0,3.000,0,39,
EquipmentNode #13,80,713.000,713.000,0,0,0,0.100,39,
EquipmentNode #13,81,713.100,713.100,2.000,0,0,0,40,
EquipmentNode #13,82,715.100,715.100,0,18.100,0,0,40,
EquipmentNode #13,83,733.200,733.200,0,0,3.000,0,40,
EquipmentNode #13,84,736.200,736.200,0,0,0,0.100,40,
EquipmentNode #13,85,736.300,736.300,2.000,0,0,0,41,
EquipmentNode #13,86,738.300,738.300,0,18.100,0,0,41,
EquipmentNode #13,87,756.400,756.400,0,0,3.000,0,41,
EquipmentNode #13,88,759.400,759.400,0,0,0,0.100,41,
EquipmentNode #13,89,759.500,759.500,2.000,0,0,0,42,
EquipmentNode #13,90,761.500,761.500,0,18.100,0,0,42,
EquipmentNode #13,91,779.600,779.600,0,0,3.000,0,42,
EquipmentNode #13,92,782.600,782.600,0,0,0,0.100,42,
EquipmentNode #13,93,782.700,782.700,2.000,0,0,0,43,
EquipmentNode #13,94,784.700,784.700,0,18.100,0,0,43,
EquipmentNode #13,95,802.800,802.800,0,0,3.000,0,43,
EquipmentNode #13,96,805.800,805.800,0,0,0,0.100,43,
EquipmentNode #13,97,805.900,805.900,2.000,0,0,0,44,
EquipmentNode #13,98,807.900,807.900,0,18.100,0,0,44,
EquipmentNode #13,99,826.000,826.000,0,0,3.000,0,44,
EquipmentNode #13,100,829.000,829.000,0,0,0,0.100,44,
EquipmentNode #13,101,829.100,829.100,2.000,0,0,0,45,
EquipmentNode #13,102,831.100,831.100,0,18.100,0,0,45,
EquipmentNode #13,103,849.200,849.200,0,0,0.600,0,45,
EquipmentNode #25,1,249.800,249.800,0,0,1.300,0,19,
EquipmentNode #25,2,251.100,251.100,0,0,0,0.100,19,
EquipmentNode #25,3,251.200,251.200,2.000,0,0,0,20,
EquipmentNode #25,4,253.200,253.200,0,18.100,0,0,20,
EquipmentNode #25,5,271.300,271.300,0,0,3.000,0,20,
EquipmentNode #25,6,274.300,274.300,0,0,0,0.100,20,
EquipmentNode #25,7,274.400,274.400,2.000,0,0,0,21,
EquipmentNode #25,8,276.400,276.400,0,18.100,0,0,21,
EquipmentNode #25,9,294.500,294.500,0,0,3.000,0,21,
EquipmentNode #25,10,297.500,297.500,0,0,0,0.100,21,
EquipmentNode #25,11,297.600,297.600,2.000,0,0,0,22,
EquipmentNode #25,12,299.600,299.600,0,18.100,0,0,22,
EquipmentNode #25,13,317.700,317.700,0,0,3.000,0,22,
EquipmentNode #25,14,320.700,320.700,0,0,0,0.100,22,
EquipmentNode #25,15,320.800,320.800,2.000,0,0,0,23,
EquipmentNode #25,16,322.800,322.800,0,18.100,0,0,23,
EquipmentNode #25,17,340.900,340.900,0,0,3.000,0,23,
EquipmentNode #25,18,343.900,343.900,0,0,0,0.100,23,
EquipmentNode #25,19,344.000,344.000,2.000,0,0,0,24,
EquipmentNode #25,20,346.000,346.000,0,18.100,0,0,24,
EquipmentNode #25,21,364.100,364.100,0,0,3.000,0,24,
EquipmentNode #25,22,367.100,367.100,0,0,0,0.100,24,
EquipmentNode #25,23,367.200,367.200,2.000,0,0,0,25,
EquipmentNode #25,24,369.200,369.200,0,18.100,0,0,25,
EquipmentNode #25,25,387.300,387.300,0,0,3.000,0,25,
EquipmentNode #25,26,390.300,390.300,0,0,0,0.100,25,
EquipmentNode #25,27,390.400,390.400,2.000,0,0,0,26,
EquipmentNode #25,28,392.400,392.400,0,18.100,0,0,26,
EquipmentNode #25,29,410.500,410.500,0,0,3.000,0,26,
EquipmentNode #25,30,413.500,413.500,0,0,0,0.100,26,
EquipmentNode #25,31,413.600,413.600,2.000,0,0,0,27,
EquipmentNode #25,32,415.600,415.600,0,18.100,0,0,27,
EquipmentNode #25,33,433.700,433.700,0,0,3.000,0,27,
EquipmentNode #25,34,436.700,436.700,0,0,0,0.100,27,
EquipmentNode #25,35,436.800,436.800,2.000,0,0,0,28,
EquipmentNode #25,36,438.800,438.800,0,18.100,0,0,28,
EquipmentNode #25,37,456.900,456.900,0,0,3.000,0,28,
EquipmentNode #25,38,459.900,459.900,0,0,0,0.100,28,
EquipmentNode #25,39,460.000,460.000,2.000,0,0,0,29,
EquipmentNode #25,40,462.000,462.000,0,18.100,0,0,29,
EquipmentNode #25,41,480.100,480.100,0,0,3.000,0,29,
EquipmentNode #25,42,483.100,483.100,0,0,0,0.100,29,
EquipmentNode #25,43,483.200,483.200,2.000,0,0,0,30,
EquipmentNode #25,44,485.200,485.200,0,18.100,0,0,30,
EquipmentNode #25,45,503.300,503.300,0,0,3.000,0,30,
EquipmentNode #25,46,506.300,506.300,0,0,0,0.100,30,
EquipmentNode #25,47,506.400,506.400,2.000,0,0,0,31,
EquipmentNode #25,48,508.400,508.400,0,18.100,0,0,31,
EquipmentNode #25,49,526.500,526.500,0,0,3.000,0,31,
EquipmentNode #25,50,529.500,529.500,0,0,0,0.100,31,
EquipmentNode #25,51,529.600,529.600,2.000,0,0,0,32,
EquipmentNode #25,52,531.600,531.600,0,18.100,0,0,32,
EquipmentNode #25,53,549.700,549.700,0,0,3.000,0,32,
EquipmentNode #25,54,552.700,552.700,0,0,0,0.100,32,
EquipmentNode #25,55,552.800,552.800,2.000,0,0,0,33,
EquipmentNode #25,56,554.800,554.800,0,18.100,0,0,33,
EquipmentNode #25,57,572.900,572.900,0,0,3.000,0,33,
EquipmentNode #25,58,575.900,575.900,0,0,0,0.100,33,
EquipmentNode #25,59,576.000,576.000,2.000,0,0,0,34,
EquipmentNode #25,60,578.000,578.000,0,18.100,0,0,34,
EquipmentNode #25,61,596.100,596.100,0,0,3.000,0,34,
EquipmentNode #25,62,599.100,599.100,0,0,0,0.100,34,
EquipmentNode #25,63,599.200,599.200,2.000,0,0,0,35,
EquipmentNode #25,64,601.200,601.200,0,18.100,0,0,35,
EquipmentNode #25,65,619.300,619.300,0,0,3.000,0,35,
EquipmentNode #25,66,622.300,622.300,0,0,0,0.100,35,
EquipmentNode #25,67,622.400,622.400,2.000,0,0,0,36,
EquipmentNode #25,68,624.400,624.400,0,18.100,0,0,36,
EquipmentNode #25,69,642.500,642.500,0,0,3.000,0,36,
EquipmentNode #25,70,645.500,645.500,0,0,0,0.100,36,
EquipmentNode #25,71,645.600,645.600,2.000,0,0,0,37,
EquipmentNode #25,72,647.600,647.600,0,18.100,0,0,37,
EquipmentNode #25,73,665.700,665.700,0,0,3.000,0,37,
EquipmentNode #25,74,668.700,668.700,0,0,0,0.100,37,
EquipmentNode #25,75,668.800,668.800,2.000,0,0,0,38,
EquipmentNode #25,76,670.800,670.800,0,18.100,0,0,38,
EquipmentNode #25,77,688.900,688.900,0,0,3.000,0,38,
EquipmentNode #25,78,691.900,691.900,0,0,0,0.100,38,
EquipmentNode #25,79,692.000,692.000,2.000,0,0,0,39,
EquipmentNode #25,80,694.000,694.000,0,18.100,0,0,39,
EquipmentNode #25,81,712.100,712.100,0,0,3.000,0,39,
EquipmentNode #25,82,715.100,715.100,0,0,0,0.100,39,
EquipmentNode #25,83,715.200,715.200,2.000,0,0,0,40,
EquipmentNode #25,84,717.200,717.200,0,18.100,0,0,40,
EquipmentNode #25,85,735.300,735.300,0,0,3.000,0,40,
EquipmentNode #25,86,738.300,738.300,0,0,0,0.100,40,
EquipmentNode #25,87,738.400,738.400,2.000,0,0,0,41,
EquipmentNode #25,88,740.400,740.400,0,18.100,0,0,41,
EquipmentNode #25,89,758.500,758.500,0,0,3.000,0,41,
EquipmentNode #25,90,761.500,761.500,0,0,0,0.100,41,
EquipmentNode #25,91,761.600,761.600,2.000,0,0,0,42,
EquipmentNode #25,92,763.600,763.600,0,18.100,0,0,42,
EquipmentNode #25,93,781.700,781.700,0,0,3.000,0,42,
EquipmentNode #25,94,784.700,784.700,0,0,0,0.100,42,
EquipmentNode #25,95,784.800,784.800,2.000,0,0,0,43,
EquipmentNode #25,96,786.800,786.800,0,18.100,0,0,43,
EquipmentNode #25,97,804.900,804.900,0,0,3.000,0,43,
EquipmentNode #25,98,807.900,807.900,0,0,0,0.100,43,
EquipmentNode #25,99,808.000,808.000,2.000,0,0,0,44,
EquipmentNode #25,100,810.000,810.000,0,18.100,0,0,44,
EquipmentNode #25,101,828.100,828.100,0,0,3.000,0,44,
EquipmentNode #25,102,831.100,831.100,0,0,0,0.100,44,
EquipmentNode #25,103,831.200,831.200,2.000,0,0,0,45,
EquipmentNode #25,104,833.200,833.200,0,16.600,0,0,45,
EquipmentNode #27,1,249.800,249.800,0,15.300,0,0,18,
EquipmentNode #27,2,265.100,265.100,0,0,3.000,0,18,
EquipmentNode #27,3,268.100,268.100,0,0,0,0.100,18,
EquipmentNode #27,4,268.200,268.200,2.000,0,0,0,19,
EquipmentNode #27,5,270.200,270.200,0,18.100,0,0,19,
EquipmentNode #27,6,288.300,288.300,0,0,3.000,0,19,
EquipmentNode #27,7,291.300,291.300,0,0,0,0.100,19,
EquipmentNode #27,8,291.400,291.400,2.000,0,0,0,20,
EquipmentNode #27,9,293.400,293.400,0,18.100,0,0,20,
EquipmentNode #27,10,311.500,311.500,0,0,3.000,0,20,
EquipmentNode #27,11,314.500,314.500,0,0,0,0.100,20,
EquipmentNode #27,12,314.600,314.600,2.000,0,0,0,21,
EquipmentNode #27,13,316.600,316.600,0,18.100,0,0,21,
EquipmentNode #27,14,334.700,334.700,0,0,3.000,0,21,
EquipmentNode #27,15,337.700,337.700,0,0,0,0.100,21,
EquipmentNode #27,16,337.800,337.800,2.000,0,0,0,22,
EquipmentNode #27,17,339.800,339.800,0,18.100,0,0,22,
EquipmentNode #27,18,357.900,357.900,0,0,3.000,0,22,
EquipmentNode #27,19,360.900,360.900,0,0,0,0.100,22,
EquipmentNode #27,20,361.000,361.000,2.000,0,0,0,23,
EquipmentNode #27,21,363.000,363.000,0,18.100,0,0,23,
EquipmentNode #27,22,381.100,381.100,0,0,3.000,0,23,
EquipmentNode #27,23,384.100,384.100,0,0,0,0.100,23,
EquipmentNode #27,24,384.200,384.200,2.000,0,0,0,24,
EquipmentNode #27,25,386.200,386.200,0,18.100,0,0,24,
EquipmentNode #27,26,404.300,404.300,0,0,3.000,0,24,
EquipmentNode #27,27,407.300,407.300,0,0,0,0.100,24,
EquipmentNode #27,28,407.400,407.400,2.000,0,0,0,25,
EquipmentNode #27,29,409.400,409.400,0,18.100,0,0,25,
EquipmentNode #27,30,427.500,427.500,0,0,3.000,0,25,
EquipmentNode #27,31,430.500,430.500,0,0,0,0.100,25,
EquipmentNode #27,32,430.600,430.600,2.000,0,0,0,26,
EquipmentNode #27,33,432.600,432.600,0,18.100,0,0,26,
EquipmentNode #27,34,450.700,450.700,0,0,3.000,0,26,
EquipmentNode #27,35,453.700,453.700,0,0,0,0.100,26,
EquipmentNode #27,36,453.800,453.800,2.000,0,0,0,27,
EquipmentNode #27,37,455.800,455.800,0,18.100,0,0,27,
EquipmentNode #27,38,473.900,473.900,0,0,3.000,0,27,
EquipmentNode #27,39,476.900,476.900,0,0,0,0.100,27,
EquipmentNode #27,40,477.000,477.000,2.000,0,0,0,28,
EquipmentNode #27,41,479.000,479.000,0,18.100,0,0,28,
EquipmentNode #27,42,497.100,497.100,0,0,3.000,0,28,
EquipmentNode #27,43,500.100,500.100,0,0,0,0.100,28,
EquipmentNode #27,44,500.200,500.200,2.000,0,0,0,29,
EquipmentNode #27,45,502.200,502.200,0,18.100,0,0,29,
EquipmentNode #27,46,520.300,520.300,0,0,3.000,0,29,
EquipmentNode #27,47,523.300,523.300,0,0,0,0.100,29,
EquipmentNode #27,48,523.400,523.400,2.000,0,0,0,30,
EquipmentNode #27,49,525.400,525.400,0,18.100,0,0,30,
EquipmentNode #27,50,543.500,543.500,0,0,3.000,0,30,
EquipmentNode #27,51,546.500,546.500,0,0,0,0.100,30,
EquipmentNode #27,52,546.600,546.600,2.000,0,0,0,31,
EquipmentNode #27,53,548.600,548.600,0,18.100,0,0,31,
EquipmentNode #27,54,566.700,566.700,0,0,3.000,0,31,
EquipmentNode #27,55,569.700,569.700,0,0,0,0.100,31,
EquipmentNode #27,56,569.800,569.800,2.000,0,0,0,32,
EquipmentNode #27,57,571.800,571.800,0,18.100,0,0,32,
EquipmentNode #27,58,589.900,589.900,0,0,3.000,0,32,
EquipmentNode #27,59,592.900,592.900,0,0,0,0.100,32,
EquipmentNode #27,60,593.000,593.000,2.000,0,0,0,33,
EquipmentNode #27,61,595.000,595.000,0,18.100,0,0,33,
EquipmentNode #27,62,613.100,613.100,0,0,3.000,0,33,
EquipmentNode #27,63,616.100,616.100,0,0,0,0.100,33,
EquipmentNode #27,64,616.200,616.200,2.000,0,0,0,34,
EquipmentNode #27,65,618.200,618.200,0,18.100,0,0,34,
EquipmentNode #27,66,636.300,636.300,0,0,3.000,0,34,
EquipmentNode #27,67,639.300,639.300,0,0,0,0.100,34,
EquipmentNode #27,68,639.400,639.400,2.000,0,0,0,35,
EquipmentNode #27,69,641.400,641.400,0,18.100,0,0,35,
EquipmentNode #27,70,659.500,659.500,0,0,3.000,0,35,
EquipmentNode #27,71,662.500,662.500,0,0,0,0.100,35,
EquipmentNode #27,72,662.600,662.600,2.000,0,0,0,36,
EquipmentNode #27,73,664.600,664.600,0,18.100,0,0,36,
EquipmentNode #27,74,682.700,682.700,0,0,3.000,0,36,
EquipmentNode #27,75,685.700,685.700,0,0,0,0.100,36,
EquipmentNode #27,76,685.800,685.800,2.000,0,0,0,37,
EquipmentNode #27,77,687.800,687.800,0,18.100,0,0,37,
EquipmentNode #27,78,705.900,705.900,0,0,3.000,0,37,
EquipmentNode #27,79,708.900,708.900,0,0,0,0.100,37,
EquipmentNode #27,80,709.000,709.000,2.000,0,0,0,38,
EquipmentNode #27,81,711.000,711.000,0,18.100,0,0,38,
EquipmentNode #27,82,729.100,729.100,0,0,3.000,0,38,
EquipmentNode #27,83,732.100,732.100,0,0,0,0.100,38,
EquipmentNode #27,84,732.200,732.200,2.000,0,0,0,39,
EquipmentNode #27,85,734.200,734.200,0,18.100,0,0,39,
EquipmentNode #27,86,752.300,752.300,0,0,3.000,0,39,
EquipmentNode #27,87,755.300,755.300,0,0,0,0.100,39,
EquipmentNode #27,88,755.400,755.400,2.000,0,0,0,40,
EquipmentNode #27,89,757.400,757.400,0,18.100,0,0,40,
EquipmentNode #27,90,775.500,775.500,0,0,3.000,0,40,
EquipmentNode #27,91,778.500,778.500,0,0,0,0.100,40,
EquipmentNode #27,92,778.600,778.600,2.000,0,0,0,41,
EquipmentNode #27,93,780.600,780.600,0,18.100,0,0,41,
EquipmentNode #27,94,798.700,798.700,0,0,3.000,0,41,
EquipmentNode #27,95,801.700,801.700,0,0,0,0.100,41,
EquipmentNode #27,96,801.800,801.800,2.000,0,0,0,42,
EquipmentNode #27,97,803.800,803.800,0,18.100,0,0,42,
EquipmentNode #27,98,821.900,821.900,0,0,3.000,0,42,
EquipmentNode #27,99,824.900,824.900,0,0,0,0.100,42,
EquipmentNode #27,100,825.000,825.000,2.000,0,0,0,43,
EquipmentNode #27,101,827.000,827.000,0,18.100,0,0,43,
EquipmentNode #27,102,845.100,845.100,0,0,3.000,0,43,
EquipmentNode #27,103,848.100,848.100,0,0,0,0.100,43,
EquipmentNode #27,104,848.200,848.200,1.600,0,0,0,44,
EquipmentNode #28,1,249.800,249.800,0,17.400,0,0,18,
EquipmentNode #28,2,267.200,267.200,0,0,3.000,0,18,
EquipmentNode #28,3,270.200,270.200,0,0,0,0.100,18,
EquipmentNode #28,4,270.300,270.300,2.000,0,0,0,19,
EquipmentNode #28,5,272.300,272.300,0,18.100,0,0,19,
EquipmentNode #28,6,290.400,290.400,0,0,3.000,0,19,
EquipmentNode #28,7,293.400,293.400,0,0,0,0.100,19,
EquipmentNode #28,8,293.500,293.500,2.000,0,0,0,20,
EquipmentNode #28,9,295.500,295.500,0,18.100,0,0,20,
EquipmentNode #28,10,313.600,313.600,0,0,3.000,0,20,
EquipmentNode #28,11,316.600,316.600,0,0,0,0.100,20,
EquipmentNode #28,12,316.700,316.700,2.000,0,0,0,21,
EquipmentNode #28,13,318.700,318.700,0,18.100,0,0,21,
EquipmentNode #28,14,336.800,336.800,0,0,3.000,0,21,
EquipmentNode #28,15,339.800,339.800,0,0,0,0.100,21,
EquipmentNode #28,16,339.900,339.900,2.000,0,0,0,22,
EquipmentNode #28,17,341.900,341.900,0,18.100,0,0,22,
EquipmentNode #28,18,360.000,360.000,0,0,3.000,0,22,
EquipmentNode #28,19,363.000,363.000,0,0,0,0.100,22,
EquipmentNode #28,20,363.100,363.100,2.000,0,0,0,23,
EquipmentNode #28,21,365.100,365.100,0,18.100,0,0,23,
EquipmentNode #28,22,383.200,383.200,0,0,3.000,0,23,
EquipmentNode #28,23,386.200,386.200,0,0,0,0.100,23,
EquipmentNode #28,24,386.300,386.300,2.000,0,0,0,24,
EquipmentNode #28,25,388.300,388.300,0,18.100,0,0,24,
EquipmentNode #28,26,406.400,406.400,0,0,3.000,0,24,
EquipmentNode #28,27,409.400,409.400,0,0,0,0.100,24,
EquipmentNode #28,28,409.500,409.500,2.000,0,0,0,25,
EquipmentNode #28,29,411.500,411.500,0,18.100,0,0,25,
EquipmentNode #28,30,429.600,429.600,0,0,3.000,0,25,
EquipmentNode #28,31,432.600,432.600,0,0,0,0.100,25,
EquipmentNode #28,32,432.700,432.700,2.000,0,0,0,26,
EquipmentNode #28,33,434.700,434.700,0,18.100,0,0,26,
EquipmentNode #28,34,452.800,452.800,0,0,3.000,0,26,
EquipmentNode #28,35,455.800,455.800,0,0,0,0.100,26,
EquipmentNode #28,36,455.900,455.900,2.000,0,0,0,27,
EquipmentNode #28,37,457.900,457.900,0,18.100,0,0,27,
EquipmentNode #28,38,476.000,476.000,0,0,3.000,0,27,
EquipmentNode #28,39,479.000,479.000,0,0,0,0.100,27,
EquipmentNode #28,40,479.100,479.100,2.000,0,0,0,28,
EquipmentNode #28,41,481.100,481.100,0,18.100,0,0,28,
EquipmentNode #28,42,499.200,499.200,0,0,3.000,0,28,
EquipmentNode #28,43,502.200,502.200,0,0,0,0.100,28,
EquipmentNode #28,44,502.300,502.300,2.000,0,0,0,29,
EquipmentNode #28,45,504.300,504.300,0,18.100,0,0,29,
EquipmentNode #28,46,522.400,522.400,0,0,3.000,0,29,
EquipmentNode #28,47,525.400,525.400,0,0,0,0.100,29,
EquipmentNode #28,48,525.500,525.500,2.000,0,0,0,30,
EquipmentNode #28,49,527.500,527.500,0,18.100,0,0,30,
EquipmentNode #28,50,545.600,545.600,0,0,3.000,0,30,
EquipmentNode #28,51,548.600,548.600,0,0,0,0.100,30,
EquipmentNode #28,52,548.700,548.700,2.000,0,0,0,31,
EquipmentNode #28,53,550.700,550.700,0,18.100,0,0,31,
EquipmentNode #28,54,568.800,568.800,0,0,3.000,0,31,
EquipmentNode #28,55,571.800,571.800,0,0,0,0.100,31,
EquipmentNode #28,56,571.900,571.900,2.000,0,0,0,32,
EquipmentNode #28,57,573.900,573.900,0,18.100,0,0,32,
EquipmentNode #28,58,592.000,592.000,0,0,3.000,0,32,
EquipmentNode #28,59,595.000,595.000,0,0,0,0.100,32,
EquipmentNode #28,60,595.100,595.100,2.000,0,0,0,33,
EquipmentNode #28,61,597.100,597.100,0,18.100,0,0,33,
EquipmentNode #28,62,615.200,615.200,0,0,3.000,0,33,
EquipmentNode #28,63,618.200,618.200,0,0,0,0.100,33,
EquipmentNode #28,64,618.300,618.300,2.000,0,0,0,34,
EquipmentNode #28,65,620.300,620.300,0,18.100,0,0,34,
EquipmentNode #28,66,638.400,638.400,0,0,3.000,0,34,
EquipmentNode #28,67,641.400,641.400,0,0,0,0.100,34,
EquipmentNode #28,68,641.500,641.500,2.000,0,0,0,35,
EquipmentNode #28,69,643.500,643.500,0,18.100,0,0,35,
EquipmentNode #28,70,661.600,661.600,0,0,3.000,0,35,
EquipmentNode #28,71,664.600,664.600,0,0,0,0.100,35,
EquipmentNode #28,72,664.700,664.700,2.000,0,0,0,36,
EquipmentNode #28,73,666.700,666.700,0,18.100,0,0,36,
EquipmentNode #28,74,684.800,684.800,0,0,3.000,0,36,
EquipmentNode #28,75,687.800,687.800,0,0,0,0.100,36,
EquipmentNode #28,76,687.900,687.900,2.000,0,0,0,37,
EquipmentNode #28,77,689.900,689.900,0,18.100,0,0,37,
EquipmentNode #28,78,708.000,708.000,0,0,3.000,0,37,
EquipmentNode #28,79,711.000,711.000,0,0,0,0.100,37,
EquipmentNode #28,80,711.100,711.100,2.000,0,0,0,38,
EquipmentNode #28,81,713.100,713.100,0,18.100,0,0,38,
EquipmentNode #28,82,731.200,731.200,0,0,3.000,0,38,
EquipmentNode #28,83,734.200,734.200,0,0,0,0.100,38,
EquipmentNode #28,84,734.300,734.300,2.000,0,0,0,39,
EquipmentNode #28,85,736.300,736.300,0,18.100,0,0,39,
EquipmentNode #28,86,754.400,754.400,0,0,3.000,0,39,
EquipmentNode #28,87,757.400,757.400,0,0,0,0.100,39,
EquipmentNode #28,88,757.500,757.500,2.000,0,0,0,40,
EquipmentNode #28,89,759.500,759.500,0,18.100,0,0,40,
EquipmentNode #28,90,777.600,777.600,0,0,3.000,0,40,
EquipmentNode #28,91,780.600,780.600,0,0,0,0.100,40,
EquipmentNode #28,92,780.700,780.700,2.000,0,0,0,41,
EquipmentNode #28,93,782.700,782.700,0,18.100,0,0,41,
EquipmentNode #28,94,800.800,800.800,0,0,3.000,0,41,
EquipmentNode #28,95,803.800,803.800,0,0,0,0.100,41,
EquipmentNode #28,96,803.900,803.900,2.000,0,0,0,42,
EquipmentNode #28,97,805.900,805.900,0,18.100,0,0,42,
EquipmentNode #28,98,824.000,824.000,0,0,3.000,0,42,
EquipmentNode #28,99,827.000,827.000,0,0,0,0.100,42,
EquipmentNode #28,100,827.100,827.100,2.000,0,0,0,43,
EquipmentNode #28,101,829.100,829.100,0,18.100,0,0,43,
EquipmentNode #28,102,847.200,847.200,0,0,2.600,0,43,
EquipmentNode #44,1,249.800,249.800,0,7.000,0,0,16,
EquipmentNode #44,2,256.800,256.800,0,0,3.000,0,16,
EquipmentNode #44,3,259.800,259.800,0,0,0,0.100,16,
EquipmentNode #44,4,259.900,259.900,2.000,0,0,0,17,
EquipmentNode #44,5,261.900,261.900,0,18.100,0,0,17,
EquipmentNode #44,6,280.000,280.000,0,0,3.000,0,17,
EquipmentNode #44,7,283.000,283.000,0,0,0,0.100,17,
EquipmentNode #44,8,283.100,283.100,2.000,0,0,0,18,
EquipmentNode #44,9,285.100,285.100,0,18.100,0,0,18,
EquipmentNode #44,10,303.200,303.200,0,0,3.000,0,18,
EquipmentNode #44,11,306.200,306.200,0,0,0,0.100,18,
EquipmentNode #44,12,306.300,306.300,2.000,0,0,0,19,
EquipmentNode #44,13,308.300,308.300,0,18.100,0,0,19,
EquipmentNode #44,14,326.400,326.400,0,0,3.000,0,19,
EquipmentNode #44,15,329.400,329.400,0,0,0,0.100,19,
EquipmentNode #44,16,329.500,329.500,2.000,0,0,0,20,
EquipmentNode #44,17,331.500,331.500,0,18.100,0,0,20,
EquipmentNode #44,18,349.600,349.600,0,0,3.000,0,20,
EquipmentNode #44,19,352.600,352.600,0,0,0,0.100,20,
EquipmentNode #44,20,352.700,352.700,2.000,0,0,0,21,
EquipmentNode #44,21,354.700,354.700,0,18.100,0,0,21,
EquipmentNode #44,22,372.800,372.800,0,0,3.000,0,21,
EquipmentNode #44,23,375.800,375.800,0,0,0,0.100,21,
EquipmentNode #44,24,375.900,375.900,2.000,0,0,0,22,
EquipmentNode #44,25,377.900,377.900,0,18.100,0,0,22,
EquipmentNode #44,26,396.000,396.000,0,0,3.000,0,22,
EquipmentNode #44,27,399.000,399.000,0,0,0,0.100,22,
EquipmentNode #44,28,399.100,399.100,2.000,0,0,0,23,
EquipmentNode #44,29,401.100,401.100,0,18.100,0,0,23,
EquipmentNode #44,30,419.200,419.200,0,0,3.000,0,23,
EquipmentNode #44,31,422.200,422.200,0,0,0,0.100,23,
EquipmentNode #44,32,422.300,422.300,2.000,0,0,0,24,
EquipmentNode #44,33,424.300,424.300,0,18.100,0,0,24,
EquipmentNode #44,34,442.400,442.400,0,0,3.000,0,24,
EquipmentNode #44,35,445.400,445.400,0,0,0,0.100,24,
EquipmentNode #44,36,445.500,445.500,2.000,0,0,0,25,
EquipmentNode #44,37,447.500,447.500,0,18.100,0,0,25,
EquipmentNode #44,38,465.600,465.600,0,0,3.000,0,25,
EquipmentNode #44,39,468.600,468.600,0,0,0,0.100,25,
EquipmentNode #44,40,468.700,468.700,2.000,0,0,0,26,
EquipmentNode #44,41,470.700,470.700,0,18.100,0,0,26,
EquipmentNode #44,42,488.800,488.800,0,0,3.000,0,26,
EquipmentNode #44,43,491.800,491.800,0,0,0,0.100,26,
EquipmentNode #44,44,491.900,491.900,2.000,0,0,0,27,
EquipmentNode #44,45,493.900,493.900,0,18.100,0,0,27,
EquipmentNode #44,46,512.000,512.000,0,0,3.000,0,27,
EquipmentNode #44,47,515.000,515.000,0,0,0,0.100,27,
EquipmentNode #44,48,515.100,515.100,2.000,0,0,0,28,
EquipmentNode #44,49,517.100,517.100,0,18.100,0,0,28,
EquipmentNode #44,50,535.200,535.200,0,0,3.000,0,28,
EquipmentNode #44,51,538.200,538.200,0,0,0,0.100,28,
EquipmentNode #44,52,538.300,538.300,2.000,0,0,0,29,
EquipmentNode #44,53,540.300,540.300,0,18.100,0,0,29,
EquipmentNode #44,54,558.400,558.400,0,0,3.000,0,29,
EquipmentNode #44,55,561.400,561.400,0,0,0,0.100,29,
EquipmentNode #44,56,561.500,561.500,2.000,0,0,0,30,
EquipmentNode #44,57,563.500,563.500,0,18.100,0,0,30,
EquipmentNode #44,58,581.600,581.600,0,0,3.000,0,30,
EquipmentNode #44,59,584.600,584.600,0,0,0,0.100,30,
EquipmentNode #44,60,584.700,584.700,2.000,0,0,0,31,
EquipmentNode #44,61,586.700,586.700,0,18.100,0,0,31,
EquipmentNode #44,62,604.800,604.800,0,0,3.000,0,31,
EquipmentNode #44,63,607.800,607.800,0,0,0,0.100,31,
EquipmentNode #44,64,607.900,607.900,2.000,0,0,0,32,
EquipmentNode #44,65,609.900,609.900,0,18.100,0,0,32,
EquipmentNode #44,66,628.000,628.000,0,0,3.000,0,32,
EquipmentNode #44,67,631.000,631.000,0,0,0,0.100,32,
EquipmentNode #44,68,631.100,631.100,2.000,0,0,0,33,
EquipmentNode #44,69,633.100,633.100,0,18.100,0,0,33,
EquipmentNode #44,70,651.200,651.200,0,0,3.000,0,33,
EquipmentNode #44,71,654.200,654.200,0,0,0,0.100,33,
EquipmentNode #44,72,654.300,654.300,2.000,0,0,0,34,
EquipmentNode #44,73,656.300,656.300,0,18.100,0,0,34,
EquipmentNode #44,74,674.400,674.400,0,0,3.000,0,34,
EquipmentNode #44,75,677.400,677.400,0,0,0,0.100,34,
EquipmentNode #44,76,677.500,677.500,2.000,0,0,0,35,
EquipmentNode #44,77,679.500,679.500,0,18.100,0,0,35,
EquipmentNode #44,78,697.600,697.600,0,0,3.000,0,35,
EquipmentNode #44,79,700.600,700.600,0,0,0,0.100,35,
EquipmentNode #44,80,700.700,700.700,2.000,0,0,0,36,
EquipmentNode #44,81,702.700,702.700,0,18.100,0,0,36,
EquipmentNode #44,82,720.800,720.800,0,0,3.000,0,36,
EquipmentNode #44,83,723.800,723.800,0,0,0,0.100,36,
EquipmentNode #44,84,723.900,723.900,2.000,0,0,0,37,
EquipmentNode #44,85,725.900,725.900,0,18.100,0,0,37,
EquipmentNode #44,86,744.000,744.000,0,0,3.000,0,37,
EquipmentNode #44,87,747.000,747.000,0,0,0,0.100,37,
EquipmentNode #44,88,747.100,747.100,2.000,0,0,0,38,
EquipmentNode #44,89,749.100,749.100,0,18.100,0,0,38,
EquipmentNode #44,90,767.200,767.200,0,0,3.000,0,38,
EquipmentNode #44,91,770.200,770.200,0,0,0,0.100,38,
EquipmentNode #44,92,770.300,770.300,2.000,0,0,0,39,
EquipmentNode #44,93,772.300,772.300,0,18.100,0,0,39,
EquipmentNode #44,94,790.400,790.400,0,0,3.000,0,39,
EquipmentNode #44,95,793.400,793.400,0,0,0,0.100,39,
EquipmentNode #44,96,793.500,793.500,2.000,0,0,0,40,
EquipmentNode #44,97,795.500,795.500,0,18.100,0,0,40,
EquipmentNode #44,98,813.600,813.600,0,0,3.000,0,40,
EquipmentNode #44,99,816.600,816.600,0,0,0,0.100,40,
EquipmentNode #44,100,816.700,816.700,2.000,0,0,0,41,
EquipmentNode #44,101,818.700,818.700,0,18.100,0,0,41,
EquipmentNode #44,102,836.800,836.800,0,0,3.000,0,41,
EquipmentNode #44,103,839.800,839.800,0,0,0,0.100,41,
EquipmentNode #44,104,839.900,839.900,2.000,0,0,0,42,
EquipmentNode #44,105,841.900,841.900,0,7.900,0,0,42,
Equipment #52,1,249.800,249.800,0,15.200,0,0,13,
Equipment #52,2,265.000,265.000,0,0,3.000,0,13,
Equipment #52,3,268.000,268.000,0,0,0,0.100,13,
Equipment #52,4,268.100,268.100,4.000,0,0,0,14,
Equipment #52,5,272.100,272.100,0,0.100,0,0,14,
Equipment #52,6,272.200,272.200,0,0,2.000,0,14,
Equipment #52,7,274.200,274.200,0,0,0,0.100,14,
Equipment #52,8,274.300,274.300,5.000,0,0,0,15,
Equipment #52,9,279.300,279.300,0,28.300,0,0,15,
Equipment #52,10,307.600,307.600,0,0,3.000,0,15,
Equipment #52,11,310.600,310.600,0,0,0,0.100,15,
Equipment #52,12,310.700,310.700,4.000,0,0,0,16,
Equipment #52,13,314.700,314.700,0,0.100,0,0,16,
Equipment #52,14,314.800,314.800,0,0,2.000,0,16,
Equipment #52,15,316.800,316.800,0,0,0,0.100,16,
Equipment #52,16,316.900,316.900,5.000,0,0,0,17,
Equipment #52,17,321.900,321.900,0,28.300,0,0,17,
Equipment #52,18,350.200,350.200,0,0,3.000,0,17,
Equipment #52,19,353.200,353.200,0,0,0,0.100,17,
Equipment #52,20,353.300,353.300,4.000,0,0,0,18,
Equipment #52,21,357.300,357.300,0,0.100,0,0,18,
Equipment #52,22,357.400,357.400,0,0,2.000,0,18,
Equipment #52,23,359.400,359.400,0,0,0,0.100,18,
Equipment #52,24,359.500,359.500,5.000,0,0,0,19,
Equipment #52,25,364.500,364.500,0,28.300,0,0,19,
Equipment #52,26,392.800,392.800,0,0,3.000,0,19,
Equipment #52,27,395.800,395.800,0,0,0,0.100,19,
Equipment #52,28,395.900,395.900,4.000,0,0,0,20,
Equipment #52,29,399.900,399.900,0,0.100,0,0,20,
Equipment #52,30,400.000,400.000,0,0,2.000,0,20,
Equipment #52,31,402.000,402.000,0,0,0,0.100,20,
Equipment #52,32,402.100,402.100,5.000,0,0,0,21,
Equipment #52,33,407.100,407.100,0,28.300,0,0,21,
Equipment #52,34,435.400,435.400,0,0,3.000,0,21,
Equipment #52,35,438.400,438.400,0,0,0,0.100,21,
Equipment #52,36,438.500,438.500,4.000,0,0,0,22,
Equipment #52,37,442.500,442.500,0,0.100,0,0,22,
Equipment #52,38,442.600,442.600,0,0,2.000,0,22,
Equipment #52,39,444.600,444.600,0,0,0,0.100,22,
Equipment #52,40,444.700,444.700,5.000,0,0,0,23,
Equipment #52,41,449.700,449.700,0,28.300,0,0,23,
Equipment #52,42,478.000,478.000,0,0,3.000,0,23,
Equipment #52,43,481.000,481.000,0,0,0,0.100,23,
Equipment #52,44,481.100,481.100,4.000,0,0,0,24,
Equipment #52,45,485.100,485.100,0,0.100,0,0,24,
Equipment #52,46,485.200,485.200,0,0,2.000,0,24,
Equipment #52,47,487.200,487.200,0,0,0,0.100,24,
Equipment #52,48,487.300,487.300,5.000,0,0,0,25,
Equipment #52,49,492.300,492.300,0,28.300,0,0,25,
Equipment #52,50,520.600,520.600,0,0,3.000,0,25,
Equipment #52,51,523.600,523.600,0,0,0,0.100,25,
Equipment #52,52,523.700,523.700,4.000,0,0,0,26,
Equipment #52,53,527.700,527.700,0,0.100,0,0,26,
Equipment #52,54,527.800,527.800,0,0,2.000,0,26,
Equipment #52,55,529.800,529.800,0,0,0,0.100,26,
Equipment #52,56,529.900,529.900,5.000,0,0,0,27,
Equipment #52,57,534.900,534.900,0,28.300,0,0,27,
Equipment #52,58,563.200,563.200,0,0,3.000,0,27,
Equipment #52,59,566.200,566.200,0,0,0,0.100,27,
Equipment #52,60,566.300,566.300,4.000,0,0,0,28,
Equipment #52,61,570.300,570.300,0,0.100,0,0,28,
Equipment #52,62,570.400,570.400,0,0,2.000,0,28,
Equipment #52,63,572.400,572.400,0,0,0,0.100,28,
Equipment #52,64,572.500,572.500,5.000,0,0,0,29,
Equipment #52,65,577.500,577.500,0,28.300,0,0,29,
Equipment #52,66,605.800,605.800,0,0,3.000,0,29,
Equipment #52,67,608.800,608.800,0,0,0,0.100,29,
Equipment #52,68,608.900,608.900,4.000,0,0,0,30,
Equipment #52,69,612.900,612.900,0,0.100,0,0,30,
Equipment #52,70,613.000,613.000,0,0,2.000,0,30,
Equipment #52,71,615.000,615.000,0,0,0,0.100,30,
Equipment #52,72,615.100,615.100,5.000,0,0,0,31,
Equipment #52,73,620.100,620.100,0,28.300,0,0,31,
Equipment #52,74,648.400,648.400,0,0,3.000,0,31,
Equipment #52,75,651.400,651.400,0,0,0,0.100,31,
Equipment #52,76,651.500,651.500,4.000,0,0,0,32,
Equipment #52,77,655.500,655.500,0,0.100,0,0,32,
Equipment #52,78,655.600,655.600,0,0,2.000,0,32,
Equipment #52,79,657.600,657.600,0,0,0,0.100,32,
Equipment #52,80,657.700,657.700,5.000,0,0,0,33,
Equipment #52,81,662.700,662.700,0,28.300,0,0,33,
Equipment #52,82,691.000,691.000,0,0,3.000,0,33,
Equipment #52,83,694.000,694.000,0,0,0,0.100,33,
Equipment #52,84,694.100,694.100,4.000,0,0,0,34,
Equipment #52,85,698.100,698.100,0,0.100,0,0,34,
Equipment #52,86,698.200,698.200,0,0,2.000,0,34,
Equipment #52,87,700.200,700.200,0,0,0,0.100,34,
Equipment #52,88,700.300,700.300,5.000,0,0,0,35,
Equipment #52,89,705.300,705.300,0,28.300,0,0,35,
Equipment #52,90,733.600,733.600,0,0,3.000,0,35,
Equipment #52,91,736.600,736.600,0,0,0,0.100,35,
Equipment #52,92,736.700,736.700,4.000,0,0,0,36,
Equipment #52,93,740.700,740.700,0,0.100,0,0,36,
Equipment #52,94,740.800,740.800,0,0,2.000,0,36,
Equipment #52,95,742.800,742.800,0,0,0,0.100,36,
Equipment #52,96,742.900,742.900,5.000,0,0,0,37,
Equipment #52,97,747.900,747.900,0,28.300,0,0,37,
Equipment #52,98,776.200,776.200,0,0,3.000,0,37,
Equipment #52,99,779.200,779.200,0,0,0,0.100,37,
Equipment #52,100,779.300,779.300,4.000,0,0,0,38,
Equipment #52,101,783.300,783.300,0,0.100,0,0,38,
Equipment #52,102,783.400,783.400,0,0,2.000,0,38,
Equipment #52,103,785.400,785.400,0,0,0,0.100,38,
Equipment #52,104,785.500,785.500,5.000,0,0,0,39,
Equipment #52,105,790.500,790.500,0,28.300,0,0,39,
Equipment #52,106,818.800,818.800,0,0,3.000,0,39,
Equipment #52,107,821.800,821.800,0,0,0,0.100,39,
Equipment #52,108,821.900,821.900,4.000,0,0,0,40,
Equipment #52,109,825.900,825.900,0,0.100,0,0,40,
Equipment #52,110,826.000,826.000,0,0,2.000,0,40,
Equipment #52,111,828.000,828.000,0,0,0,0.100,40,
Equipment #52,112,828.100,828.100,5.000,0,0,0,41,
Equipment #52,113,833.100,833.100,0,16.700,0,0,41,
EquipmentNode #2,1,249.800,249.800,0,17.300,0,0,20,
EquipmentNode #2,2,267.100,267.100,0,0,0.500,0,20,
EquipmentNode #2,3,267.600,267.600,0,0,0,0.100,20,
EquipmentNode #2,4,267.700,267.700,2.000,0,0,0,21,
EquipmentNode #2,5,269.700,269.700,0,20.600,0,0,21,
EquipmentNode #2,6,290.300,290.300,0,0,1.000,0,21,
EquipmentNode #2,7,291.300,291.300,0,0,0,0.100,21,
EquipmentNode #2,8,291.400,291.400,4.000,0,0,0,22,
EquipmentNode #2,9,295.400,295.400,0,18.100,0,0,22,
EquipmentNode #2,10,313.500,313.500,0,0,0.500,0,22,
EquipmentNode #2,11,314.000,314.000,0,0,0,0.100,22,
EquipmentNode #2,12,314.100,314.100,2.000,0,0,0,23,
EquipmentNode #2,13,316.100,316.100,0,20.600,0,0,23,
EquipmentNode #2,14,336.700,336.700,0,0,1.000,0,23,
EquipmentNode #2,15,337.700,337.700,0,0,0,0.100,23,
EquipmentNode #2,16,337.800,337.800,4.000,0,0,0,24,
EquipmentNode #2,17,341.800,341.800,0,18.100,0,0,24,
EquipmentNode #2,18,359.900,359.900,0,0,0.500,0,24,
EquipmentNode #2,19,360.400,360.400,0,0,0,0.100,24,
EquipmentNode #2,20,360.500,360.500,2.000,0,0,0,25,
EquipmentNode #2,21,362.500,362.500,0,20.600,0,0,25,
EquipmentNode #2,22,383.100,383.100,0,0,1.000,0,25,
EquipmentNode #2,23,384.100,384.100,0,0,0,0.100,25,
EquipmentNode #2,24,384.200,384.200,4.000,0,0,0,26,
EquipmentNode #2,25,388.200,388.200,0,18.100,0,0,26,
EquipmentNode #2,26,406.300,406.300,0,0,0.500,0,26,
EquipmentNode #2,27,406.800,406.800,0,0,0,0.100,26,
EquipmentNode #2,28,406.900,406.900,2.000,0,0,0,27,
EquipmentNode #2,29,408.900,408.900,0,20.600,0,0,27,
EquipmentNode #2,30,429.500,429.500,0,0,1.000,0,27,
EquipmentNode #2,31,430.500,430.500,0,0,0,0.100,27,
EquipmentNode #2,32,430.600,430.600,4.000,0,0,0,28,
EquipmentNode #2,33,434.600,434.600,0,18.100,0,0,28,
EquipmentNode #2,34,452.700,452.700,0,0,0.500,0,28,
EquipmentNode #2,35,453.200,453.200,0,0,0,0.100,28,
EquipmentNode #2,36,453.300,453.300,2.000,0,0,0,29,
EquipmentNode #2,37,455.300,455.300,0,20.600,0,0,29,
EquipmentNode #2,38,475.900,475.900,0,0,1.000,0,29,
EquipmentNode #2,39,476.900,476.900,0,0,0,0.100,29,
EquipmentNode #2,40,477.000,477.000,4.000,0,0,0,30,
EquipmentNode #2,41,481.000,481.000,0,18.100,0,0,30,
EquipmentNode #2,42,499.100,499.100,0,0,0.500,0,30,
EquipmentNode #2,43,499.600,499.600,0,0,0,0.100,30,
EquipmentNode #2,44,499.700,499.700,2.000,0,0,0,31,
EquipmentNode #2,45,501.700,501.700,0,20.600,0,0,31,
EquipmentNode #2,46,522.300,522.300,0,0,1.000,0,31,
EquipmentNode #2,47,523.300,523.300,0,0,0,0.100,31,
EquipmentNode #2,48,523.400,523.400,4.000,0,0,0,32,
EquipmentNode #2,49,527.400,527.400,0,18.100,0,0,32,
EquipmentNode #2,50,545.500,545.500,0,0,0.500,0,32,
EquipmentNode #2,51,546.000,546.000,0,0,0,0.100,32,
EquipmentNode #2,52,546.100,546.100,2.000,0,0,0,33,
EquipmentNode #2,53,548.100,548.100,0,20.600,0,0,33,
EquipmentNode #2,54,568.700,568.700,0,0,1.000,0,33,
EquipmentNode #2,55,569.700,569.700,0,0,0,0.100,33,
EquipmentNode #2,56,569.800,569.800,4.000,0,0,0,34,
EquipmentNode #2,57,573.800,573.800,0,18.100,0,0,34,
EquipmentNode #2,58,591.900,591.900,0,0,0.500,0,34,
EquipmentNode #2,59,592.400,592.400,0,0,0,0.100,34,
EquipmentNode #2,60,592.500,592.500,2.000,0,0,0,35,
EquipmentNode #2,61,594.500,594.500,0,20.600,0,0,35,
EquipmentNode #2,62,615.100,615.100,0,0,1.000,0,35,
EquipmentNode #2,63,616.100,616.100,0,0,0,0.100,35,
EquipmentNode #2,64,616.200,616.200,4.000,0,0,0,36,
EquipmentNode #2,65,620.200,620.200,0,18.100,0,0,36,
EquipmentNode #2,66,638.300,638.300,0,0,0.500,0,36,
EquipmentNode #2,67,638.800,638.800,0,0,0,0.100,36,
EquipmentNode #2,68,638.900,638.900,2.000,0,0,0,37,
EquipmentNode #2,69,640.900,640.900,0,20.600,0,0,37,
EquipmentNode #2,70,661.500,661.500,0,0,1.000,0,37,
EquipmentNode #2,71,662.500,662.500,0,0,0,0.100,37,
EquipmentNode #2,72,662.600,662.600,4.000,0,0,0,38,
EquipmentNode #2,73,666.600,666.600,0,18.100,0,0,38,
EquipmentNode #2,74,684.700,684.700,0,0,0.500,0,38,
EquipmentNode #2,75,685.200,685.200,0,0,0,0.100,38,
EquipmentNode #2,76,685.300,685.300,2.000,0,0,0,39,
EquipmentNode #2,77,687.300,687.300,0,20.600,0,0,39,
EquipmentNode #2,78,707.900,707.900,0,0,1.000,0,39,
EquipmentNode #2,79,708.900,708.900,0,0,0,0.100,39,
EquipmentNode #2,80,709.000,709.000,4.000,0,0,0,40,
EquipmentNode #2,81,713.000,713.000,0,18.100,0,0,40,
EquipmentNode #2,82,731.100,731.100,0,0,0.500,0,40,
EquipmentNode #2,83,731.600,731.600,0,0,0,0.100,40,
EquipmentNode #2,84,731.700,731.700,2.000,0,0,0,41,
EquipmentNode #2,85,733.700,733.700,0,20.600,0,0,41,
EquipmentNode #2,86,754.300,754.300,0,0,1.000,0,41,
EquipmentNode #2,87,755.300,755.300,0,0,0,0.100,41,
EquipmentNode #2,88,755.400,755.400,4.000,0,0,0,42,
EquipmentNode #2,89,759.400,759.400,0,18.100,0,0,42,
EquipmentNode #2,90,777.500,777.500,0,0,0.500,0,42,
EquipmentNode #2,91,778.000,778.000,0,0,0,0.100,42,
EquipmentNode #2,92,778.100,778.100,2.000,0,0,0,43,
EquipmentNode #2,93,780.100,780.100,0,20.600,0,0,43,
EquipmentNode #2,94,800.700,800.700,0,0,1.000,0,43,
EquipmentNode #2,95,801.700,801.700,0,0,0,0.100,43,
EquipmentNode #2,96,801.800,801.800,4.000,0,0,0,44,
EquipmentNode #2,97,805.800,805.800,0,18.100,0,0,44,
EquipmentNode #2,98,823.900,823.900,0,0,0.500,0,44,
EquipmentNode #2,99,824.400,824.400,0,0,0,0.100,44,
EquipmentNode #2,100,824.500,824.500,2.000,0,0,0,45,
EquipmentNode #2,101,826.500,826.500,0,20.600,0,0,45,
EquipmentNode #2,102,847.100,847.100,0,0,1.000,0,45,
EquipmentNode #2,103,848.100,848.100,0,0,0,0.100,45,
EquipmentNode #2,104,848.200,848.200,1.600,0,0,0,46,
Equipment #64,1,249.800,249.800,0,2.500,0,0,10,
Equipment #64,2,252.300,252.300,0,0,2.000,0,10,
Equipment #64,3,254.300,254.300,0,0,0,0.100,10,
Equipment #64,4,254.400,254.400,5.000,0,0,0,11,
Equipment #64,5,259.400,259.400,0,19.900,0,0,11,
Equipment #64,6,279.300,279.300,0,0,3.000,0,11,
Equipment #64,7,282.300,282.300,0,0,0,0.100,11,
Equipment #64,8,282.400,282.400,4.000,0,0,0,12,
Equipment #64,9,286.400,286.400,0,19.900,0,0,12,
Equipment #64,10,306.300,306.300,0,0,2.000,0,12,
Equipment #64,11,308.300,308.300,0,0,0,0.100,12,
Equipment #64,12,308.400,308.400,5.000,0,0,0,13,
Equipment #64,13,313.400,313.400,0,19.900,0,0,13,
Equipment #64,14,333.300,333.300,0,0,3.000,0,13,
Equipment #64,15,336.300,336.300,0,0,0,0.100,13,
Equipment #64,16,336.400,336.400,4.000,0,0,0,14,
Equipment #64,17,340.400,340.400,0,19.900,0,0,14,
Equipment #64,18,360.300,360.300,0,0,2.000,0,14,
Equipment #64,19,362.300,362.300,0,0,0,0.100,14,
Equipment #64,20,362.400,362.400,5.000,0,0,0,15,
Equipment #64,21,367.400,367.400,0,19.900,0,0,15,
Equipment #64,22,387.300,387.300,0,0,3.000,0,15,
Equipment #64,23,390.300,390.300,0,0,0,0.100,15,
Equipment #64,24,390.400,390.400,4.000,0,0,0,16,
Equipment #64,25,394.400,394.400,0,19.900,0,0,16,
Equipment #64,26,414.300,414.300,0,0,2.000,0,16,
Equipment #64,27,416.300,416.300,0,0,0,0.100,16,
Equipment #64,28,416.400,416.400,5.000,0,0,0,17,
Equipment #64,29,421.400,421.400,0,19.900,0,0,17,
Equipment #64,30,441.300,441.300,0,0,3.000,0,17,
Equipment #64,31,444.300,444.300,0,0,0,0.100,17,
Equipment #64,32,444.400,444.400,4.000,0,0,0,18,
Equipment #64,33,448.400,448.400,0,19.900,0,0,18,
Equipment #64,34,468.300,468.300,0,0,2.000,0,18,
Equipment #64,35,470.300,470.300,0,0,0,0.100,18,
Equipment #64,36,470.400,470.400,5.000,0,0,0,19,
Equipment #64,37,475.400,475.400,0,19.900,0,0,19,
Equipment #64,38,495.300,495.300,0,0,3.000,0,19,
Equipment #64,39,498.300,498.300,0,0,0,0.100,19,
Equipment #64,40,498.400,498.400,4.000,0,0,0,20,
Equipment #64,41,502.400,502.400,0,19.900,0,0,20,
Equipment #64,42,522.300,522.300,0,0,2.000,0,20,
Equipment #64,43,524.300,524.300,0,0,0,0.100,20,
Equipment #64,44,524.400,524.400,5.000,0,0,0,21,
Equipment #64,45,529.400,529.400,0,19.900,0,0,21,
Equipment #64,46,549.300,549.300,0,0,3.000,0,21,
Equipment #64,47,552.300,552.300,0,0,0,0.100,21,
Equipment #64,48,552.400,552.400,4.000,0,0,0,22,
Equipment #64,49,556.400,556.400,0,19.900,0,0,22,
Equipment #64,50,576.300,576.300,0,0,2.000,0,22,
Equipment #64,51,578.300,578.300,0,0,0,0.100,22,
Equipment #64,52,578.400,578.400,5.000,0,0,0,23,
Equipment #64,53,583.400,583.400,0,19.900,0,0,23,
Equipment #64,54,603.300,603.300,0,0,3.000,0,23,
Equipment #64,55,606.300,606.300,0,0,0,0.100,23,
Equipment #64,56,606.400,606.400,4.000,0,0,0,24,
Equipment #64,57,610.400,610.400,0,19.900,0,0,24,
Equipment #64,58,630.300,630.300,0,0,2.000,0,24,
Equipment #64,59,632.300,632.300,0,0,0,0.100,24,
Equipment #64,60,632.400,632.400,5.000,0,0,0,25,
Equipment #64,61,637.400,637.400,0,19.900,0,0,25,
Equipment #64,62,657.300,657.300,0,0,3.000,0,25,
Equipment #64,63,660.300,660.300,0,0,0,0.100,25,
Equipment #64,64,660.400,660.400,4.000,0,0,0,26,
Equipment #64,65,664.400,664.400,0,19.900,0,0,26,
Equipment #64,66,684.300,684.300,0,0,2.000,0,26,
Equipment #64,67,686.300,686.300,0,0,0,0.100,26,
Equipment #64,68,686.400,686.400,5.000,0,0,0,27,
Equipment #64,69,691.400,691.400,0,19.900,0,0,27,
Equipment #64,70,711.300,711.300,0,0,3.000,0,27,
Equipment #64,71,714.300,714.300,0,0,0,0.100,27,
Equipment #64,72,714.400,714.400,4.000,0,0,0,28,
Equipment #64,73,718.400,718.400,0,19.900,0,0,28,
Equipment #64,74,738.300,738.300,0,0,2.000,0,28,
Equipment #64,75,740.300,740.300,0,0,0,0.100,28,
Equipment #64,76,740.400,740.400,5.000,0,0,0,29,
Equipment #64,77,745.400,745.400,0,19.900,0,0,29,
Equipment #64,78,765.300,765.300,0,0,3.000,0,29,
Equipment #64,79,768.300,768.300,0,0,0,0.100,29,
Equipment #64,80,768.400,768.400,4.000,0,0,0,30,
Equipment #64,81,772.400,772.400,0,19.900,0,0,30,
Equipment #64,82,792.300,792.300,0,0,2.000,0,30,
Equipment #64,83,794.300,794.300,0,0,0,0.100,30,
Equipment #64,84,794.400,794.400,5.000,0,0,0,31,
Equipment #64,85,799.400,799.400,0,19.900,0,0,31,
Equipment #64,86,819.300,819.300,0,0,3.000,0,31,
Equipment #64,87,822.300,822.300,0,0,0,0.100,31,
Equipment #64,88,822.400,822.400,4.000,0,0,0,32,
Equipment #64,89,826.400,826.400,0,19.900,0,0,32,
Equipment #64,90,846.300,846.300,0,0,2.000,0,32,
Equipment #64,91,848.300,848.300,0,0,0,0.100,32,
Equipment #64,92,848.400,848.400,1.400,0,0,0,33,
EquipmentNode #14,1,249.800,249.800,0,16.300,0,0,19,
EquipmentNode #14,2,266.100,266.100,0,0,3.000,0,19,
EquipmentNode #14,3,269.100,269.100,0,0,0,0.100,19,
EquipmentNode #14,4,269.200,269.200,2.000,0,0,0,20,
EquipmentNode #14,5,271.200,271.200,0,18.100,0,0,20,
EquipmentNode #14,6,289.300,289.300,0,0,3.000,0,20,
EquipmentNode #14,7,292.300,292.300,0,0,0,0.100,20,
EquipmentNode #14,8,292.400,292.400,2.000,0,0,0,21,
EquipmentNode #14,9,294.400,294.400,0,18.100,0,0,21,
EquipmentNode #14,10,312.500,312.500,0,0,3.000,0,21,
EquipmentNode #14,11,315.500,315.500,0,0,0,0.100,21,
EquipmentNode #14,12,315.600,315.600,2.000,0,0,0,22,
EquipmentNode #14,13,317.600,317.600,0,18.100,0,0,22,
EquipmentNode #14,14,335.700,335.700,0,0,3.000,0,22,
EquipmentNode #14,15,338.700,338.700,0,0,0,0.100,22,
EquipmentNode #14,16,338.800,338.800,2.000,0,0,0,23,
EquipmentNode #14,17,340.800,340.800,0,18.100,0,0,23,
EquipmentNode #14,18,358.900,358.900,0,0,3.000,0,23,
EquipmentNode #14,19,361.900,361.900,0,0,0,0.100,23,
EquipmentNode #14,20,362.000,362.000,2.000,0,0,0,24,
EquipmentNode #14,21,364.000,364.000,0,18.100,0,0,24,
EquipmentNode #14,22,382.100,382.100,0,0,3.000,0,24,
EquipmentNode #14,23,385.100,385.100,0,0,0,0.100,24,
EquipmentNode #14,24,385.200,385.200,2.000,0,0,0,25,
EquipmentNode #14,25,387.200,387.200,0,18.100,0,0,25,
EquipmentNode #14,26,405.300,405.300,0,0,3.000,0,25,
EquipmentNode #14,27,408.300,408.300,0,0,0,0.100,25,
EquipmentNode #14,28,408.400,408.400,2.000,0,0,0,26,
EquipmentNode #14,29,410.400,410.400,0,18.100,0,0,26,
EquipmentNode #14,30,428.500,428.500,0,0,3.000,0,26,
EquipmentNode #14,31,431.500,431.500,0,0,0,0.100,26,
EquipmentNode #14,32,431.600,431.600,2.000,0,0,0,27,
EquipmentNode #14,33,433.600,433.600,0,18.100,0,0,27,
EquipmentNode #14,34,451.700,451.700,0,0,3.000,0,27,
EquipmentNode #14,35,454.700,454.700,0,0,0,0.100,27,
EquipmentNode #14,36,454.800,454.800,2.000,0,0,0,28,
EquipmentNode #14,37,456.800,456.800,0,18.100,0,0,28,
EquipmentNode #14,38,474.900,474.900,0,0,3.000,0,28,
EquipmentNode #14,39,477.900,477.900,0,0,0,0.100,28,
EquipmentNode #14,40,478.000,478.000,2.000,0,0,0,29,
EquipmentNode #14,41,480.000,480.000,0,18.100,0,0,29,
EquipmentNode #14,42,498.100,498.100,0,0,3.000,0,29,
EquipmentNode #14,43,501.100,501.100,0,0,0,0.100,29,
EquipmentNode #14,44,501.200,501.200,2.000,0,0,0,30,
EquipmentNode #14,45,503.200,503.200,0,18.100,0,0,30,
EquipmentNode #14,46,521.300,521.300,0,0,3.000,0,30,
EquipmentNode #14,47,524.300,524.300,0,0,0,0.100,30,
EquipmentNode #14,48,524.400,524.400,2.000,0,0,0,31,
EquipmentNode #14,49,526.400,526.400,0,18.100,0,0,31,
EquipmentNode #14,50,544.500,544.500,0,0,3.000,0,31,
EquipmentNode #14,51,547.500,547.500,0,0,0,0.100,31,
EquipmentNode #14,52,547.600,547.600,2.000,0,0,0,32,
EquipmentNode #14,53,549.600,549.600,0,18.100,0,0,32,
EquipmentNode #14,54,567.700,567.700,0,0,3.000,0,32,
EquipmentNode #14,55,570.700,570.700,0,0,0,0.100,32,
EquipmentNode #14,56,570.800,570.800,2.000,0,0,0,33,
EquipmentNode #14,57,572.800,572.800,0,18.100,0,0,33,
EquipmentNode #14,58,590.900,590.900,0,0,3.000,0,33,
EquipmentNode #14,59,593.900,593.900,0,0,0,0.100,33,
EquipmentNode #14,60,594.000,594.000,2.000,0,0,0,34,
EquipmentNode #14,61,596.000,596.000,0,18.100,0,0,34,
EquipmentNode #14,62,614.100,614.100,0,0,3.000,0,34,
EquipmentNode #14,63,617.100,617.100,0,0,0,0.100,34,
EquipmentNode #14,64,617.200,617.200,2.000,0,0,0,35,
EquipmentNode #14,65,619.200,619.200,0,18.100,0,0,35,
EquipmentNode #14,66,637.300,637.300,0,0,3.000,0,35,
EquipmentNode #14,67,640.300,640.300,0,0,0,0.100,35,
EquipmentNode #14,68,640.400,640.400,2.000,0,0,0,36,
EquipmentNode #14,69,642.400,642.400,0,18.100,0,0,36,
EquipmentNode #14,70,660.500,660.500,0,0,3.000,0,36,
EquipmentNode #14,71,663.500,663.500,0,0,0,0.100,36,
EquipmentNode #14,72,663.600,663.600,2.000,0,0,0,37,
EquipmentNode #14,73,665.600,665.600,0,18.100,0,0,37,
EquipmentNode #14,74,683.700,683.700,0,0,3.000,0,37,
EquipmentNode #14,75,686.700,686.700,0,0,0,0.100,37,
EquipmentNode #14,76,686.800,686.800,2.000,0,0,0,38,
EquipmentNode #14,77,688.800,688.800,0,18.100,0,0,38,
EquipmentNode #14,78,706.900,706.900,0,0,3.000,0,38,
EquipmentNode #14,79,709.900,709.900,0,0,0,0.100,38,
EquipmentNode #14,80,710.000,710.000,2.000,0,0,0,39,
EquipmentNode #14,81,712.000,712.000,0,18.100,0,0,39,
EquipmentNode #14,82,730.100,730.100,0,0,3.000,0,39,
EquipmentNode #14,83,733.100,733.100,0,0,0,0.100,39,
EquipmentNode #14,84,733.200,733.200,2.000,0,0,0,40,
EquipmentNode #14,85,735.200,735.200,0,18.100,0,0,40,
EquipmentNode #14,86,753.300,753.300,0,0,3.000,0,40,
EquipmentNode #14,87,756.300,756.300,0,0,0,0.100,40,
EquipmentNode #14,88,756.400,756.400,2.000,0,0,0,41,
EquipmentNode #14,89,758.400,758.400,0,18.100,0,0,41,
EquipmentNode #14,90,776.500,776.500,0,0,3.000,0,41,
EquipmentNode #14,91,779.500,779.500,0,0,0,0.100,41,
EquipmentNode #14,92,779.600,779.600,2.000,0,0,0,42,
EquipmentNode #14,93,781.600,781.600,0,18.100,0,0,42,
EquipmentNode #14,94,799.700,799.700,0,0,3.000,0,42,
EquipmentNode #14,95,802.700,802.700,0,0,0,0.100,42,
EquipmentNode #14,96,802.800,802.800,2.000,0,0,0,43,
EquipmentNode #14,97,804.800,804.800,0,18.100,0,0,43,
EquipmentNode #14,98,822.900,822.900,0,0,3.000,0,43,
EquipmentNode #14,99,825.900,825.900,0,0,0,0.100,43,
EquipmentNode #14,100,826.000,826.000,2.000,0,0,0,44,
EquipmentNode #14,101,828.000,828.000,0,18.100,0,0,44,
EquipmentNode #14,102,846.100,846.100,0,0,3.000,0,44,
EquipmentNode #14,103,849.100,849.100,0,0,0,0.100,44,
EquipmentNode #14,104,849.200,849.200,0.600,0,0,0,45,
EquipmentNode #24,1,249.800,249.800,0.300,0,0,0,19,
EquipmentNode #24,2,250.100,250.100,0,18.100,0,0,19,
EquipmentNode #24,3,268.200,268.200,0,0,3.000,0,19,
EquipmentNode #24,4,271.200,271.200,0,0,0,0.100,19,
EquipmentNode #24,5,271.300,271.300,2.000,0,0,0,20,
EquipmentNode #24,6,273.300,273.300,0,18.100,0,0,20,
EquipmentNode #24,7,291.400,291.400,0,0,3.000,0,20,
EquipmentNode #24,8,294.400,294.400,0,0,0,0.100,20,
EquipmentNode #24,9,294.500,294.500,2.000,0,0,0,21,
EquipmentNode #24,10,296.500,296.500,0,18.100,0,0,21,
EquipmentNode #24,11,314.600,314.600,0,0,3.000,0,21,
EquipmentNode #24,12,317.600,317.600,0,0,0,0.100,21,
EquipmentNode #24,13,317.700,317.700,2.000,0,0,0,22,
EquipmentNode #24,14,319.700,319.700,0,18.100,0,0,22,
EquipmentNode #24,15,337.800,337.800,0,0,3.000,0,22,
EquipmentNode #24,16,340.800,340.800,0,0,0,0.100,22,
EquipmentNode #24,17,340.900,340.900,2.000,0,0,0,23,
EquipmentNode #24,18,342.900,342.900,0,18.100,0,0,23,
EquipmentNode #24,19,361.000,361.000,0,0,3.000,0,23,
EquipmentNode #24,20,364.000,364.000,0,0,0,0.100,23,
EquipmentNode #24,21,364.100,364.100,2.000,0,0,0,24,
EquipmentNode #24,22,366.100,366.100,0,18.100,0,0,24,
EquipmentNode #24,23,384.200,384.200,0,0,3.000,0,24,
EquipmentNode #24,24,387.200,387.200,0,0,0,0.100,24,
EquipmentNode #24,25,387.300,387.300,2.000,0,0,0,25,
EquipmentNode #24,26,389.300,389.300,0,18.100,0,0,25,
EquipmentNode #24,27,407.400,407.400,0,0,3.000,0,25,
EquipmentNode #24,28,410.400,410.400,0,0,0,0.100,25,
EquipmentNode #24,29,410.500,410.500,2.000,0,0,0,26,
EquipmentNode #24,30,412.500,412.500,0,18.100,0,0,26,
EquipmentNode #24,31,430.600,430.600,0,0,3.000,0,26,
EquipmentNode #24,32,433.600,433.600,0,0,0,0.100,26,
EquipmentNode #24,33,433.700,433.700,2.000,0,0,0,27,
EquipmentNode #24,34,435.700,435.700,0,18.100,0,0,27,
EquipmentNode #24,35,453.800,453.800,0,0,3.000,0,27,
EquipmentNode #24,36,456.800,456.800,0,0,0,0.100,27,
EquipmentNode #24,37,456.900,456.900,2.000,0,0,0,28,
EquipmentNode #24,38,458.900,458.900,0,18.100,0,0,28,
EquipmentNode #24,39,477.000,477.000,0,0,3.000,0,28,
EquipmentNode #24,40,480.000,480.000,0,0,0,0.100,28,
EquipmentNode #24,41,480.100,480.100,2.000,0,0,0,29,
EquipmentNode #24,42,482.100,482.100,0,18.100,0,0,29,
EquipmentNode #24,43,500.200,500.200,0,0,3.000,0,29,
EquipmentNode #24,44,503.200,503.200,0,0,0,0.100,29,
EquipmentNode #24,45,503.300,503.300,2.000,0,0,0,30,
EquipmentNode #24,46,505.300,505.300,0,18.100,0,0,30,
EquipmentNode #24,47,523.400,523.400,0,0,3.000,0,30,
EquipmentNode #24,48,526.400,526.400,0,0,0,0.100,30,
EquipmentNode #24,49,526.500,526.500,2.000,0,0,0,31,
EquipmentNode #24,50,528.500,528.500,0,18.100,0,0,31,
EquipmentNode #24,51,546.600,546.600,0,0,3.000,0,31,
EquipmentNode #24,52,549.600,549.600,0,0,0,0.100,31,
EquipmentNode #24,53,549.700,549.700,2.000,0,0,0,32,
EquipmentNode #24,54,551.700,551.700,0,18.100,0,0,32,
EquipmentNode #24,55,569.800,569.800,0,0,3.000,0,32,
EquipmentNode #24,56,572.800,572.800,0,0,0,0.100,32,
EquipmentNode #24,57,572.900,572.900,2.000,0,0,0,33,
EquipmentNode #24,58,574.900,574.900,0,18.100,0,0,33,
EquipmentNode #24,59,593.000,593.000,0,0,3.000,0,33,
EquipmentNode #24,60,596.000,596.000,0,0,0,0.100,33,
EquipmentNode #24,61,596.100,596.100,2.000,0,0,0,34,
EquipmentNode #24,62,598.100,598.100,0,18.100,0,0,34,
EquipmentNode #24,63,616.200,616.200,0,0,3.000,0,34,
EquipmentNode #24,64,619.200,619.200,0,0,0,0.100,34,
EquipmentNode #24,65,619.300,619.300,2.000,0,0,0,35,
EquipmentNode #24,66,621.300,621.300,0,18.100,0,0,35,
EquipmentNode #24,67,639.400,639.400,0,0,3.000,0,35,
EquipmentNode #24,68,642.400,642.400,0,0,0,0.100,35,
EquipmentNode #24,69,642.500,642.500,2.000,0,0,0,36,
EquipmentNode #24,70,644.500,644.500,0,18.100,0,0,36,
EquipmentNode #24,71,662.600,662.600,0,0,3.000,0,36,
EquipmentNode #24,72,665.600,665.600,0,0,0,0.100,36,
EquipmentNode #24,73,665.700,665.700,2.000,0,0,0,37,
EquipmentNode #24,74,667.700,667.700,0,18.100,0,0,37,
EquipmentNode #24,75,685.800,685.800,0,0,3.000,0,37,
EquipmentNode #24,76,688.800,688.800,0,0,0,0.100,37,
EquipmentNode #24,77,688.900,688.900,2.000,0,0,0,38,
EquipmentNode #24,78,690.900,690.900,0,18.100,0,0,38,
EquipmentNode #24,79,709.000,709.000,0,0,3.000,0,38,
EquipmentNode #24,80,712.000,712.000,0,0,0,0.100,38,
EquipmentNode #24,81,712.100,712.100,2.000,0,0,0,39,
EquipmentNode #24,82,714.100,714.100,0,18.100,0,0,39,
EquipmentNode #24,83,732.200,732.200,0,0,3.000,0,39,
EquipmentNode #24,84,735.200,735.200,0,0,0,0.100,39,
EquipmentNode #24,85,735.300,735.300,2.000,0,0,0,40,
EquipmentNode #24,86,737.300,737.300,0,18.100,0,0,40,
EquipmentNode #24,87,755.400,755.400,0,0,3.000,0,40,
EquipmentNode #24,88,758.400,758.400,0,0,0,0.100,40,
EquipmentNode #24,89,758.500,758.500,2.000,0,0,0,41,
EquipmentNode #24,90,760.500,760.500,0,18.100,0,0,41,
EquipmentNode #24,91,778.600,778.600,0,0,3.000,0,41,
EquipmentNode #24,92,781.600,781.600,0,0,0,0.100,41,
EquipmentNode #24,93,781.700,781.700,2.000,0,0,0,42,
EquipmentNode #24,94,783.700,783.700,0,18.100,0,0,42,
EquipmentNode #24,95,801.800,801.800,0,0,3.000,0,42,
EquipmentNode #24,96,804.800,804.800,0,0,0,0.100,42,
EquipmentNode #24,97,804.900,804.900,2.000,0,0,0,43,
EquipmentNode #24,98,806.900,806.900,0,18.100,0,0,43,
EquipmentNode #24,99,825.000,825.000,0,0,3.000,0,43,
EquipmentNode #24,100,828.000,828.000,0,0,0,0.100,43,
EquipmentNode #24,101,828.100,828.100,2.000,0,0,0,44,
EquipmentNode #24,102,830.100,830.100,0,18.100,0,0,44,
EquipmentNode #24,103,848.200,848.200,0,0,1.600,0,44,
EquipmentNode #4,1,249.800,249.800,0,14.200,0,0,19,
EquipmentNode #4,2,264.000,264.000,0,0,3.000,0,19,
EquipmentNode #4,3,267.000,267.000,0,0,0,0.100,19,
EquipmentNode #4,4,267.100,267.100,2.000,0,0,0,20,
EquipmentNode #4,5,269.100,269.100,0,18.100,0,0,20,
EquipmentNode #4,6,287.200,287.200,0,0,3.000,0,20,
EquipmentNode #4,7,290.200,290.200,0,0,0,0.100,20,
EquipmentNode #4,8,290.300,290.300,2.000,0,0,0,21,
EquipmentNode #4,9,292.300,292.300,0,18.100,0,0,21,
EquipmentNode #4,10,310.400,310.400,0,0,3.000,0,21,
EquipmentNode #4,11,313.400,313.400,0,0,0,0.100,21,
EquipmentNode #4,12,313.500,313.500,2.000,0,0,0,22,
EquipmentNode #4,13,315.500,315.500,0,18.100,0,0,22,
EquipmentNode #4,14,333.600,333.600,0,0,3.000,0,22,
EquipmentNode #4,15,336.600,336.600,0,0,0,0.100,22,
EquipmentNode #4,16,336.700,336.700,2.000,0,0,0,23,
EquipmentNode #4,17,338.700,338.700,0,18.100,0,0,23,
EquipmentNode #4,18,356.800,356.800,0,0,3.000,0,23,
EquipmentNode #4,19,359.800,359.800,0,0,0,0.100,23,
EquipmentNode #4,20,359.900,359.900,2.000,0,0,0,24,
EquipmentNode #4,21,361.900,361.900,0,18.100,0,0,24,
EquipmentNode #4,22,380.000,380.000,0,0,3.000,0,24,
EquipmentNode #4,23,383.000,383.000,0,0,0,0.100,24,
EquipmentNode #4,24,383.100,383.100,2.000,0,0,0,25,
EquipmentNode #4,25,385.100,385.100,0,18.100,0,0,25,
EquipmentNode #4,26,403.200,403.200,0,0,3.000,0,25,
EquipmentNode #4,27,406.200,406.200,0,0,0,0.100,25,
EquipmentNode #4,28,406.300,406.300,2.000,0,0,0,26,
EquipmentNode #4,29,408.300,408.300,0,18.100,0,0,26,
EquipmentNode #4,30,426.400,426.400,0,0,3.000,0,26,
EquipmentNode #4,31,429.400,429.400,0,0,0,0.100,26,
EquipmentNode #4,32,429.500,429.500,2.000,0,0,0,27,
EquipmentNode #4,33,431.500,431.500,0,18.100,0,0,27,
EquipmentNode #4,34,449.600,449.600,0,0,3.000,0,27,
EquipmentNode #4,35,452.600,452.600,0,0,0,0.100,27,
EquipmentNode #4,36,452.700,452.700,2.000,0,0,0,28,
EquipmentNode #4,37,454.700,454.700,0,18.100,0,0,28,
EquipmentNode #4,38,472.800,472.800,0,0,3.000,0,28,
EquipmentNode #4,39,475.800,475.800,0,0,0,0.100,28,
EquipmentNode #4,40,475.900,475.900,2.000,0,0,0,29,
EquipmentNode #4,41,477.900,477.900,0,18.100,0,0,29,
EquipmentNode #4,42,496.000,496.000,0,0,3.000,0,29,
EquipmentNode #4,43,499.000,499.000,0,0,0,0.100,29,
EquipmentNode #4,44,499.100,499.100,2.000,0,0,0,30,
EquipmentNode #4,45,501.100,501.100,0,18.100,0,0,30,
EquipmentNode #4,46,519.200,519.200,0,0,3.000,0,30,
EquipmentNode #4,47,522.200,522.200,0,0,0,0.100,30,
EquipmentNode #4,48,522.300,522.300,2.000,0,0,0,31,
EquipmentNode #4,49,524.300,524.300,0,18.100,0,0,31,
EquipmentNode #4,50,542.400,542.400,0,0,3.000,0,31,
EquipmentNode #4,51,545.400,545.400,0,0,0,0.100,31,
EquipmentNode #4,52,545.500,545.500,2.000,0,0,0,32,
EquipmentNode #4,53,547.500,547.500,0,18.100,0,0,32,
EquipmentNode #4,54,565.600,565.600,0,0,3.000,0,32,
EquipmentNode #4,55,568.600,568.600,0,0,0,0.100,32,
EquipmentNode #4,56,568.700,568.700,2.000,0,0,0,33,
EquipmentNode #4,57,570.700,570.700,0,18.100,0,0,33,
EquipmentNode #4,58,588.800,588.800,0,0,3.000,0,33,
EquipmentNode #4,59,591.800,591.800,0,0,0,0.100,33,
EquipmentNode #4,60,591.900,591.900,2.000,0,0,0,34,
EquipmentNode #4,61,593.900,593.900,0,18.100,0,0,34,
EquipmentNode #4,62,612.000,612.000,0,0,3.000,0,34,
EquipmentNode #4,63,615.000,615.000,0,0,0,0.100,34,
EquipmentNode #4,64,615.100,615.100,2.000,0,0,0,35,
EquipmentNode #4,65,617.100,617.100,0,18.100,0,0,35,
EquipmentNode #4,66,635.200,635.200,0,0,3.000,0,35,
EquipmentNode #4,67,638.200,638.200,0,0,0,0.100,35,
EquipmentNode #4,68,638.300,638.300,2.000,0,0,0,36,
EquipmentNode #4,69,640.300,640.300,0,18.100,0,0,36,
EquipmentNode #4,70,658.400,658.400,0,0,3.000,0,36,
EquipmentNode #4,71,661.400,661.400,0,0,0,0.100,36,
EquipmentNode #4,72,661.500,661.500,2.000,0,0,0,37,
EquipmentNode #4,73,663.500,663.500,0,18.100,0,0,37,
EquipmentNode #4,74,681.600,681.600,0,0,3.000,0,37,
EquipmentNode #4,75,684.600,684.600,0,0,0,0.100,37,
EquipmentNode #4,76,684.700,684.700,2.000,0,0,0,38,
EquipmentNode #4,77,686.700,686.700,0,18.100,0,0,38,
EquipmentNode #4,78,704.800,704.800,0,0,3.000,0,38,
EquipmentNode #4,79,707.800,707.800,0,0,0,0.100,38,
EquipmentNode #4,80,707.900,707.900,2.000,0,0,0,39,
EquipmentNode #4,81,709.900,709.900,0,18.100,0,0,39,
EquipmentNode #4,82,728.000,728.000,0,0,3.000,0,39,
EquipmentNode #4,83,731.000,731.000,0,0,0,0.100,39,
EquipmentNode #4,84,731.100,731.100,2.000,0,0,0,40,
EquipmentNode #4,85,733.100,733.100,0,18.100,0,0,40,
EquipmentNode #4,86,751.200,751.200,0,0,3.000,0,40,
EquipmentNode #4,87,754.200,754.200,0,0,0,0.100,40,
EquipmentNode #4,88,754.300,754.300,2.000,0,0,0,41,
EquipmentNode #4,89,756.300,756.300,0,18.100,0,0,41,
EquipmentNode #4,90,774.400,774.400,0,0,3.000,0,41,
EquipmentNode #4,91,777.400,777.400,0,0,0,0.100,41,
EquipmentNode #4,92,777.500,777.500,2.000,0,0,0,42,
EquipmentNode #4,93,779.500,779.500,0,18.100,0,0,42,
EquipmentNode #4,94,797.600,797.600,0,0,3.000,0,42,
EquipmentNode #4,95,800.600,800.600,0,0,0,0.100,42,
EquipmentNode #4,96,800.700,800.700,2.000,0,0,0,43,
EquipmentNode #4,97,802.700,802.700,0,18.100,0,0,43,
EquipmentNode #4,98,820.800,820.800,0,0,3.000,0,43,
EquipmentNode #4,99,823.800,823.800,0,0,0,0.100,43,
EquipmentNode #4,100,823.900,823.900,2.000,0,0,0,44,
EquipmentNode #4,101,825.900,825.900,0,18.100,0,0,44,
EquipmentNode #4,102,844.000,844.000,0,0,3.000,0,44,
EquipmentNode #4,103,847.000,847.000,0,0,0,0.100,44,
EquipmentNode #4,104,847.100,847.100,2.000,0,0,0,45,
EquipmentNode #4,105,849.100,849.100,0,0.700,0,0,45,
EquipmentNode #15,1,249.800,249.800,0,13.200,0,0,18,
EquipmentNode #15,2,263.000,263.000,0,0,3.000,0,18,
EquipmentNode #15,3,266.000,266.000,0,0,0,0.100,18,
EquipmentNode #15,4,266.100,266.100,2.000,0,0,0,19,
EquipmentNode #15,5,268.100,268.100,0,18.100,0,0,19,
EquipmentNode #15,6,286.200,286.200,0,0,3.000,0,19,
EquipmentNode #15,7,289.200,289.200,0,0,0,0.100,19,
EquipmentNode #15,8,289.300,289.300,2.000,0,0,0,20,
EquipmentNode #15,9,291.300,291.300,0,18.100,0,0,20,
EquipmentNode #15,10,309.400,309.400,0,0,3.000,0,20,
EquipmentNode #15,11,312.400,312.400,0,0,0,0.100,20,
EquipmentNode #15,12,312.500,312.500,2.000,0,0,0,21,
EquipmentNode #15,13,314.500,314.500,0,18.100,0,0,21,
EquipmentNode #15,14,332.600,332.600,0,0,3.000,0,21,
EquipmentNode #15,15,335.600,335.600,0,0,0,0.100,21,
EquipmentNode #15,16,335.700,335.700,2.000,0,0,0,22,
EquipmentNode #15,17,337.700,337.700,0,18.100,0,0,22,
EquipmentNode #15,18,355.800,355.800,0,0,3.000,0,22,
EquipmentNode #15,19,358.800,358.800,0,0,0,0.100,22,
EquipmentNode #15,20,358.900,358.900,2.000,0,0,0,23,
EquipmentNode #15,21,360.900,360.900,0,18.100,0,0,23,
EquipmentNode #15,22,379.000,379.000,0,0,3.000,0,23,
EquipmentNode #15,23,382.000,382.000,0,0,0,0.100,23,
EquipmentNode #15,24,382.100,382.100,2.000,0,0,0,24,
EquipmentNode #15,25,384.100,384.100,0,18.100,0,0,24,
EquipmentNode #15,26,402.200,402.200,0,0,3.000,0,24,
EquipmentNode #15,27,405.200,405.200,0,0,0,0.100,24,
EquipmentNode #15,28,405.300,405.300,2.000,0,0,0,25,
EquipmentNode #15,29,407.300,407.300,0,18.100,0,0,25,
EquipmentNode #15,30,425.400,425.400,0,0,3.000,0,25,
EquipmentNode #15,31,428.400,428.400,0,0,0,0.100,25,
EquipmentNode #15,32,428.500,428.500,2.000,0,0,0,26,
EquipmentNode #15,33,430.500,430.500,0,18.100,0,0,26,
EquipmentNode #15,34,448.600,448.600,0,0,3.000,0,26,
EquipmentNode #15,35,451.600,451.600,0,0,0,0.100,26,
EquipmentNode #15,36,451.700,451.700,2.000,0,0,0,27,
EquipmentNode #15,37,453.700,453.700,0,18.100,0,0,27,
EquipmentNode #15,38,471.800,471.800,0,0,3.000,0,27,
EquipmentNode #15,39,474.800,474.800,0,0,0,0.100,27,
EquipmentNode #15,40,474.900,474.900,2.000,0,0,0,28,
EquipmentNode #15,41,476.900,476.900,0,18.100,0,0,28,
EquipmentNode #15,42,495.000,495.000,0,0,3.000,0,28,
EquipmentNode #15,43,498.000,498.000,0,0,0,0.100,28,
EquipmentNode #15,44,498.100,498.100,2.000,0,0,0,29,
EquipmentNode #15,45,500.100,500.100,0,18.100,0,0,29,
EquipmentNode #15,46,518.200,518.200,0,0,3.000,0,29,
EquipmentNode #15,47,521.200,521.200,0,0,0,0.100,29,
EquipmentNode #15,48,521.300,521.300,2.000,0,0,0,30,
EquipmentNode #15,49,523.300,523.300,0,18.100,0,0,30,
EquipmentNode #15,50,541.400,541.400,0,0,3.000,0,30,
EquipmentNode #15,51,544.400,544.400,0,0,0,0.100,30,
EquipmentNode #15,52,544.500,544.500,2.000,0,0,0,31,
EquipmentNode #15,53,546.500,546.500,0,18.100,0,0,31,
EquipmentNode #15,54,564.600,564.600,0,0,3.000,0,31,
EquipmentNode #15,55,567.600,567.600,0,0,0,0.100,31,
EquipmentNode #15,56,567.700,567.700,2.000,0,0,0,32,
EquipmentNode #15,57,569.700,569.700,0,18.100,0,0,32,
EquipmentNode #15,58,587.800,587.800,0,0,3.000,0,32,
EquipmentNode #15,59,590.800,590.800,0,0,0,0.100,32,
EquipmentNode #15,60,590.900,590.900,2.000,0,0,0,33,
EquipmentNode #15,61,592.900,592.900,0,18.100,0,0,33,
EquipmentNode #15,62,611.000,611.000,0,0,3.000,0,33,
EquipmentNode #15,63,614.000,614.000,0,0,0,0.100,33,
EquipmentNode #15,64,614.100,614.100,2.000,0,0,0,34,
EquipmentNode #15,65,616.100,616.100,0,18.100,0,0,34,
EquipmentNode #15,66,634.200,634.200,0,0,3.000,0,34,
EquipmentNode #15,67,637.200,637.200,0,0,0,0.100,34,
EquipmentNode #15,68,637.300,637.300,2.000,0,0,0,35,
EquipmentNode #15,69,639.300,639.300,0,18.100,0,0,35,
EquipmentNode #15,70,657.400,657.400,0,0,3.000,0,35,
EquipmentNode #15,71,660.400,660.400,0,0,0,0.100,35,
EquipmentNode #15,72,660.500,660.500,2.000,0,0,0,36,
EquipmentNode #15,73,662.500,662.500,0,18.100,0,0,36,
EquipmentNode #15,74,680.600,680.600,0,0,3.000,0,36,
EquipmentNode #15,75,683.600,683.600,0,0,0,0.100,36,
EquipmentNode #15,76,683.700,683.700,2.000,0,0,0,37,
EquipmentNode #15,77,685.700,685.700,0,18.100,0,0,37,
EquipmentNode #15,78,703.800,703.800,0,0,3.000,0,37,
EquipmentNode #15,79,706.800,706.800,0,0,0,0.100,37,
EquipmentNode #15,80,706.900,706.900,2.000,0,0,0,38,
EquipmentNode #15,81,708.900,708.900,0,18.100,0,0,38,
EquipmentNode #15,82,727.000,727.000,0,0,3.000,0,38,
EquipmentNode #15,83,730.000,730.000,0,0,0,0.100,38,
EquipmentNode #15,84,730.100,730.100,2.000,0,0,0,39,
EquipmentNode #15,85,732.100,732.100,0,18.100,0,0,39,
EquipmentNode #15,86,750.200,750.200,0,0,3.000,0,39,
EquipmentNode #15,87,753.200,753.200,0,0,0,0.100,39,
EquipmentNode #15,88,753.300,753.300,2.000,0,0,0,40,
EquipmentNode #15,89,755.300,755.300,0,18.100,0,0,40,
EquipmentNode #15,90,773.400,773.400,0,0,3.000,0,40,
EquipmentNode #15,91,776.400,776.400,0,0,0,0.100,40,
EquipmentNode #15,92,776.500,776.500,2.000,0,0,0,41,
EquipmentNode #15,93,778.500,778.500,0,18.100,0,0,41,
EquipmentNode #15,94,796.600,796.600,0,0,3.000,0,41,
EquipmentNode #15,95,799.600,799.600,0,0,0,0.100,41,
EquipmentNode #15,96,799.700,799.700,2.000,0,0,0,42,
EquipmentNode #15,97,801.700,801.700,0,18.100,0,0,42,
EquipmentNode #15,98,819.800,819.800,0,0,3.000,0,42,
EquipmentNode #15,99,822.800,822.800,0,0,0,0.100,42,
EquipmentNode #15,100,822.900,822.900,2.000,0,0,0,43,
EquipmentNode #15,101,824.900,824.900,0,18.100,0,0,43,
EquipmentNode #15,102,843.000,843.000,0,0,3.000,0,43,
EquipmentNode #15,103,846.000,846.000,0,0,0,0.100,43,
EquipmentNode #15,104,846.100,846.100,2.000,0,0,0,44,
EquipmentNode #15,105,848.100,848.100,0,1.700,0,0,44,
EquipmentNode #23,1,249.800,249.800,0,15.300,0,0,18,
EquipmentNode #23,2,265.100,265.100,0,0,3.000,0,18,
EquipmentNode #23,3,268.100,268.100,0,0,0,0.100,18,
EquipmentNode #23,4,268.200,268.200,2.000,0,0,0,19,
EquipmentNode #23,5,270.200,270.200,0,18.100,0,0,19,
EquipmentNode #23,6,288.300,288.300,0,0,3.000,0,19,
EquipmentNode #23,7,291.300,291.300,0,0,0,0.100,19,
EquipmentNode #23,8,291.400,291.400,2.000,0,0,0,20,
EquipmentNode #23,9,293.400,293.400,0,18.100,0,0,20,
EquipmentNode #23,10,311.500,311.500,0,0,3.000,0,20,
EquipmentNode #23,11,314.500,314.500,0,0,0,0.100,20,
EquipmentNode #23,12,314.600,314.600,2.000,0,0,0,21,
EquipmentNode #23,13,316.600,316.600,0,18.100,0,0,21,
EquipmentNode #23,14,334.700,334.700,0,0,3.000,0,21,
EquipmentNode #23,15,337.700,337.700,0,0,0,0.100,21,
EquipmentNode #23,16,337.800,337.800,2.000,0,0,0,22,
EquipmentNode #23,17,339.800,339.800,0,18.100,0,0,22,
EquipmentNode #23,18,357.900,357.900,0,0,3.000,0,22,
EquipmentNode #23,19,360.900,360.900,0,0,0,0.100,22,
EquipmentNode #23,20,361.000,361.000,2.000,0,0,0,23,
EquipmentNode #23,21,363.000,363.000,0,18.100,0,0,23,
EquipmentNode #23,22,381.100,381.100,0,0,3.000,0,23,
EquipmentNode #23,23,384.100,384.100,0,0,0,0.100,23,
EquipmentNode #23,24,384.200,384.200,2.000,0,0,0,24,
EquipmentNode #23,25,386.200,386.200,0,18.100,0,0,24,
EquipmentNode #23,26,404.300,404.300,0,0,3.000,0,24,
EquipmentNode #23,27,407.300,407.300,0,0,0,0.100,24,
EquipmentNode #23,28,407.400,407.400,2.000,0,0,0,25,
EquipmentNode #23,29,409.400,409.400,0,18.100,0,0,25,
EquipmentNode #23,30,427.500,427.500,0,0,3.000,0,25,
EquipmentNode #23,31,430.500,430.500,0,0,0,0.100,25,
EquipmentNode #23,32,430.600,430.600,2.000,0,0,0,26,
EquipmentNode #23,33,432.600,432.600,0,18.100,0,0,26,
EquipmentNode #23,34,450.700,450.700,0,0,3.000,0,26,
EquipmentNode #23,35,453.700,453.700,0,0,0,0.100,26,
EquipmentNode #23,36,453.800,453.800,2.000,0,0,0,27,
EquipmentNode #23,37,455.800,455.800,0,18.100,0,0,27,
EquipmentNode #23,38,473.900,473.900,0,0,3.000,0,27,
EquipmentNode #23,39,476.900,476.900,0,0,0,0.100,27,
EquipmentNode #23,40,477.000,477.000,2.000,0,0,0,28,
EquipmentNode #23,41,479.000,479.000,0,18.100,0,0,28,
EquipmentNode #23,42,497.100,497.100,0,0,3.000,0,28,
EquipmentNode #23,43,500.100,500.100,0,0,0,0.100,28,
EquipmentNode #23,44,500.200,500.200,2.000,0,0,0,29,
EquipmentNode #23,45,502.200,502.200,0,18.100,0,0,29,
EquipmentNode #23,46,520.300,520.300,0,0,3.000,0,29,
EquipmentNode #23,47,523.300,523.300,0,0,0,0.100,29,
EquipmentNode #23,48,523.400,523.400,2.000,0,0,0,30,
EquipmentNode #23,49,525.400,525.400,0,18.100,0,0,30,
EquipmentNode #23,50,543.500,543.500,0,0,3.000,0,30,
EquipmentNode #23,51,546.500,546.500,0,0,0,0.100,30,
EquipmentNode #23,52,546.600,546.600,2.000,0,0,0,31,
EquipmentNode #23,53,548.600,548.600,0,18.100,0,0,31,
EquipmentNode #23,54,566.700,566.700,0,0,3.000,0,31,
EquipmentNode #23,55,569.700,569.700,0,0,0,0.100,31,
EquipmentNode #23,56,569.800,569.800,2.000,0,0,0,32,
EquipmentNode #23,57,571.800,571.800,0,18.100,0,0,32,
EquipmentNode #23,58,589.900,589.900,0,0,3.000,0,32,
EquipmentNode #23,59,592.900,592.900,0,0,0,0.100,32,
EquipmentNode #23,60,593.000,593.000,2.000,0,0,0,33,
EquipmentNode #23,61,595.000,595.000,0,18.100,0,0,33,
EquipmentNode #23,62,613.100,613.100,0,0,3.000,0,33,
EquipmentNode #23,63,616.100,616.100,0,0,0,0.100,33,
EquipmentNode #23,64,616.200,616.200,2.000,0,0,0,34,
EquipmentNode #23,65,618.200,618.200,0,18.100,0,0,34,
EquipmentNode #23,66,636.300,636.300,0,0,3.000,0,34,
EquipmentNode #23,67,639.300,639.300,0,0,0,0.100,34,
EquipmentNode #23,68,639.400,639.400,2.000,0,0,0,35,
EquipmentNode #23,69,641.400,641.400,0,18.100,0,0,35,
EquipmentNode #23,70,659.500,659.500,0,0,3.000,0,35,
EquipmentNode #23,71,662.500,662.500,0,0,0,0.100,35,
EquipmentNode #23,72,662.600,662.600,2.000,0,0,0,36,
EquipmentNode #23,73,664.600,664.600,0,18.100,0,0,36,
EquipmentNode #23,74,682.700,682.700,0,0,3.000,0,36,
EquipmentNode #23,75,685.700,685.700,0,0,0,0.100,36,
EquipmentNode #23,76,685.800,685.800,2.000,0,0,0,37,
EquipmentNode #23,77,687.800,687.800,0,18.100,0,0,37,
EquipmentNode #23,78,705.900,705.900,0,0,3.000,0,37,
EquipmentNode #23,79,708.900,708.900,0,0,0,0.100,37,
EquipmentNode #23,80,709.000,709.000,2.000,0,0,0,38,
EquipmentNode #23,81,711.000,711.000,0,18.100,0,0,38,
EquipmentNode #23,82,729.100,729.100,0,0,3.000,0,38,
EquipmentNode #23,83,732.100,732.100,0,0,0,0.100,38,
EquipmentNode #23,84,732.200,732.200,2.000,0,0,0,39,
EquipmentNode #23,85,734.200,734.200,0,18.100,0,0,39,
EquipmentNode #23,86,752.300,752.300,0,0,3.000,0,39,
EquipmentNode #23,87,755.300,755.300,0,0,0,0.100,39,
EquipmentNode #23,88,755.400,755.400,2.000,0,0,0,40,
EquipmentNode #23,89,757.400,757.400,0,18.100,0,0,40,
EquipmentNode #23,90,775.500,775.500,0,0,3.000,0,40,
EquipmentNode #23,91,778.500,778.500,0,0,0,0.100,40,
EquipmentNode #23,92,778.600,778.600,2.000,0,0,0,41,
EquipmentNode #23,93,780.600,780.600,0,18.100,0,0,41,
EquipmentNode #23,94,798.700,798.700,0,0,3.000,0,41,
EquipmentNode #23,95,801.700,801.700,0,0,0,0.100,41,
EquipmentNode #23,96,801.800,801.800,2.000,0,0,0,42,
EquipmentNode #23,97,803.800,803.800,0,18.100,0,0,42,
EquipmentNode #23,98,821.900,821.900,0,0,3.000,0,42,
EquipmentNode #23,99,824.900,824.900,0,0,0,0.100,42,
EquipmentNode #23,100,825.000,825.000,2.000,0,0,0,43,
EquipmentNode #23,101,827.000,827.000,0,18.100,0,0,43,
EquipmentNode #23,102,845.100,845.100,0,0,3.000,0,43,
EquipmentNode #23,103,848.100,848.100,0,0,0,0.100,43,
EquipmentNode #23,104,848.200,848.200,1.600,0,0,0,44,
EquipmentNode #3,1,249.800,249.800,0,11.100,0,0,18,
EquipmentNode #3,2,260.900,260.900,0,0,3.000,0,18,
EquipmentNode #3,3,263.900,263.900,0,0,0,0.100,18,
EquipmentNode #3,4,264.000,264.000,2.000,0,0,0,19,
EquipmentNode #3,5,266.000,266.000,0,18.100,0,0,19,
EquipmentNode #3,6,284.100,284.100,0,0,3.000,0,19,
EquipmentNode #3,7,287.100,287.100,0,0,0,0.100,19,
EquipmentNode #3,8,287.200,287.200,2.000,0,0,0,20,
EquipmentNode #3,9,289.200,289.200,0,18.100,0,0,20,
EquipmentNode #3,10,307.300,307.300,0,0,3.000,0,20,
EquipmentNode #3,11,310.300,310.300,0,0,0,0.100,20,
EquipmentNode #3,12,310.400,310.400,2.000,0,0,0,21,
EquipmentNode #3,13,312.400,312.400,0,18.100,0,0,21,
EquipmentNode #3,14,330.500,330.500,0,0,3.000,0,21,
EquipmentNode #3,15,333.500,333.500,0,0,0,0.100,21,
EquipmentNode #3,16,333.600,333.600,2.000,0,0,0,22,
EquipmentNode #3,17,335.600,335.600,0,18.100,0,0,22,
EquipmentNode #3,18,353.700,353.700,0,0,3.000,0,22,
EquipmentNode #3,19,356.700,356.700,0,0,0,0.100,22,
EquipmentNode #3,20,356.800,356.800,2.000,0,0,0,23,
EquipmentNode #3,21,358.800,358.800,0,18.100,0,0,23,
EquipmentNode #3,22,376.900,376.900,0,0,3.000,0,23,
EquipmentNode #3,23,379.900,379.900,0,0,0,0.100,23,
EquipmentNode #3,24,380.000,380.000,2.000,0,0,0,24,
EquipmentNode #3,25,382.000,382.000,0,18.100,0,0,24,
EquipmentNode #3,26,400.100,400.100,0,0,3.000,0,24,
EquipmentNode #3,27,403.100,403.100,0,0,0,0.100,24,
EquipmentNode #3,28,403.200,403.200,2.000,0,0,0,25,
EquipmentNode #3,29,405.200,405.200,0,18.100,0,0,25,
EquipmentNode #3,30,423.300,423.300,0,0,3.000,0,25,
EquipmentNode #3,31,426.300,426.300,0,0,0,0.100,25,
EquipmentNode #3,32,426.400,426.400,2.000,0,0,0,26,
EquipmentNode #3,33,428.400,428.400,0,18.100,0,0,26,
EquipmentNode #3,34,446.500,446.500,0,0,3.000,0,26,
EquipmentNode #3,35,449.500,449.500,0,0,0,0.100,26,
EquipmentNode #3,36,449.600,449.600,2.000,0,0,0,27,
EquipmentNode #3,37,451.600,451.600,0,18.100,0,0,27,
EquipmentNode #3,38,469.700,469.700,0,0,3.000,0,27,
EquipmentNode #3,39,472.700,472.700,0,0,0,0.100,27,
EquipmentNode #3,40,472.800,472.800,2.000,0,0,0,28,
EquipmentNode #3,41,474.800,474.800,0,18.100,0,0,28,
EquipmentNode #3,42,492.900,492.900,0,0,3.000,0,28,
EquipmentNode #3,43,495.900,495.900,0,0,0,0.100,28,
EquipmentNode #3,44,496.000,496.000,2.000,0,0,0,29,
EquipmentNode #3,45,498.000,498.000,0,18.100,0,0,29,
EquipmentNode #3,46,516.100,516.100,0,0,3.000,0,29,
EquipmentNode #3,47,519.100,519.100,0,0,0,0.100,29,
EquipmentNode #3,48,519.200,519.200,2.000,0,0,0,30,
EquipmentNode #3,49,521.200,521.200,0,18.100,0,0,30,
EquipmentNode #3,50,539.300,539.300,0,0,3.000,0,30,
EquipmentNode #3,51,542.300,542.300,0,0,0,0.100,30,
EquipmentNode #3,52,542.400,542.400,2.000,0,0,0,31,
EquipmentNode #3,53,544.400,544.400,0,18.100,0,0,31,
EquipmentNode #3,54,562.500,562.500,0,0,3.000,0,31,
EquipmentNode #3,55,565.500,565.500,0,0,0,0.100,31,
EquipmentNode #3,56,565.600,565.600,2.000,0,0,0,32,
EquipmentNode #3,57,567.600,567.600,0,18.100,0,0,32,
EquipmentNode #3,58,585.700,585.700,0,0,3.000,0,32,
EquipmentNode #3,59,588.700,588.700,0,0,0,0.100,32,
EquipmentNode #3,60,588.800,588.800,2.000,0,0,0,33,
EquipmentNode #3,61,590.800,590.800,0,18.100,0,0,33,
EquipmentNode #3,62,608.900,608.900,0,0,3.000,0,33,
EquipmentNode #3,63,611.900,611.900,0,0,0,0.100,33,
EquipmentNode #3,64,612.000,612.000,2.000,0,0,0,34,
EquipmentNode #3,65,614.000,614.000,0,18.100,0,0,34,
EquipmentNode #3,66,632.100,632.100,0,0,3.000,0,34,
EquipmentNode #3,67,635.100,635.100,0,0,0,0.100,34,
EquipmentNode #3,68,635.200,635.200,2.000,0,0,0,35,
EquipmentNode #3,69,637.200,637.200,0,18.100,0,0,35,
EquipmentNode #3,70,655.300,655.300,0,0,3.000,0,35,
EquipmentNode #3,71,658.300,658.300,0,0,0,0.100,35,
EquipmentNode #3,72,658.400,658.400,2.000,0,0,0,36,
EquipmentNode #3,73,660.400,660.400,0,18.100,0,0,36,
EquipmentNode #3,74,678.500,678.500,0,0,3.000,0,36,
EquipmentNode #3,75,681.500,681.500,0,0,0,0.100,36,
EquipmentNode #3,76,681.600,681.600,2.000,0,0,0,37,
EquipmentNode #3,77,683.600,683.600,0,18.100,0,0,37,
EquipmentNode #3,78,701.700,701.700,0,0,3.000,0,37,
EquipmentNode #3,79,704.700,704.700,0,0,0,0.100,37,
EquipmentNode #3,80,704.800,704.800,2.000,0,0,0,38,
EquipmentNode #3,81,706.800,706.800,0,18.100,0,0,38,
EquipmentNode #3,82,724.900,724.900,0,0,3.000,0,38,
EquipmentNode #3,83,727.900,727.900,0,0,0,0.100,38,
EquipmentNode #3,84,728.000,728.000,2.000,0,0,0,39,
EquipmentNode #3,85,730.000,730.000,0,18.100,0,0,39,
EquipmentNode #3,86,748.100,748.100,0,0,3.000,0,39,
EquipmentNode #3,87,751.100,751.100,0,0,0,0.100,39,
EquipmentNode #3,88,751.200,751.200,2.000,0,0,0,40,
EquipmentNode #3,89,753.200,753.200,0,18.100,0,0,40,
EquipmentNode #3,90,771.300,771.300,0,0,3.000,0,40,
EquipmentNode #3,91,774.300,774.300,0,0,0,0.100,40,
EquipmentNode #3,92,774.400,774.400,2.000,0,0,0,41,
EquipmentNode #3,93,776.400,776.400,0,18.100,0,0,41,
EquipmentNode #3,94,794.500,794.500,0,0,3.000,0,41,
EquipmentNode #3,95,797.500,797.500,0,0,0,0.100,41,
EquipmentNode #3,96,797.600,797.600,2.000,0,0,0,42,
EquipmentNode #3,97,799.600,799.600,0,18.100,0,0,42,
EquipmentNode #3,98,817.700,817.700,0,0,3.000,0,42,
EquipmentNode #3,99,820.700,820.700,0,0,0,0.100,42,
EquipmentNode #3,100,820.800,820.800,2.000,0,0,0,43,
EquipmentNode #3,101,822.800,822.800,0,18.100,0,0,43,
EquipmentNode #3,102,840.900,840.900,0,0,3.000,0,43,
EquipmentNode #3,103,843.900,843.900,0,0,0,0.100,43,
EquipmentNode #3,104,844.000,844.000,2.000,0,0,0,44,
EquipmentNode #3,105,846.000,846.000,0,3.800,0,0,44,
Merge2 #17,1,249.800,249.800,0,10.100,0,0,17,
Merge2 #17,2,259.900,259.900,0,0,3.000,0,17,
Merge2 #17,3,262.900,262.900,0,0,0,0.100,,
Merge2 #17,4,263.000,263.000,2.000,0,0,0,18,
Merge2 #17,5,265.000,265.000,0,0,0,0.100,18,
Merge2 #17,6,265.100,265.100,2.000,0,0,0,18,
Merge2 #17,7,267.100,267.100,0,16.000,0,0,18,
Merge2 #17,8,283.100,283.100,0,0,3.000,0,18,
Merge2 #17,9,286.100,286.100,0,0,0,0.100,,
Merge2 #17,10,286.200,286.200,2.000,0,0,0,19,
Merge2 #17,11,288.200,288.200,0,0,0,0.100,19,
Merge2 #17,12,288.300,288.300,2.000,0,0,0,19,
Merge2 #17,13,290.300,290.300,0,16.000,0,0,19,
Merge2 #17,14,306.300,306.300,0,0,3.000,0,19,
Merge2 #17,15,309.300,309.300,0,0,0,0.100,,
Merge2 #17,16,309.400,309.400,2.000,0,0,0,20,
Merge2 #17,17,311.400,311.400,0,0,0,0.100,20,
Merge2 #17,18,311.500,311.500,2.000,0,0,0,20,
Merge2 #17,19,313.500,313.500,0,16.000,0,0,20,
Merge2 #17,20,329.500,329.500,0,0,3.000,0,20,
Merge2 #17,21,332.500,332.500,0,0,0,0.100,,
Merge2 #17,22,332.600,332.600,2.000,0,0,0,21,
Merge2 #17,23,334.600,334.600,0,0,0,0.100,21,
Merge2 #17,24,334.700,334.700,2.000,0,0,0,21,
Merge2 #17,25,336.700,336.700,0,16.000,0,0,21,
Merge2 #17,26,352.700,352.700,0,0,3.000,0,21,
Merge2 #17,27,355.700,355.700,0,0,0,0.100,,
Merge2 #17,28,355.800,355.800,2.000,0,0,0,22,
Merge2 #17,29,357.800,357.800,0,0,0,0.100,22,
Merge2 #17,30,357.900,357.900,2.000,0,0,0,22,
Merge2 #17,31,359.900,359.900,0,16.000,0,0,22,
Merge2 #17,32,375.900,375.900,0,0,3.000,0,22,
Merge2 #17,33,378.900,378.900,0,0,0,0.100,,
Merge2 #17,34,379.000,379.000,2.000,0,0,0,23,
Merge2 #17,35,381.000,381.000,0,0,0,0.100,23,
Merge2 #17,36,381.100,381.100,2.000,0,0,0,23,
Merge2 #17,37,383.100,383.100,0,16.000,0,0,23,
Merge2 #17,38,399.100,399.100,0,0,3.000,0,23,
Merge2 #17,39,402.100,402.100,0,0,0,0.100,,
Merge2 #17,40,402.200,402.200,2.000,0,0,0,24,
Merge2 #17,41,404.200,404.200,0,0,0,0.100,24,
Merge2 #17,42,404.300,404.300,2.000,0,0,0,24,
Merge2 #17,43,406.300,406.300,0,16.000,0,0,24,
Merge2 #17,44,422.300,422.300,0,0,3.000,0,24,
Merge2 #17,45,425.300,425.300,0,0,0,0.100,,
Merge2 #17,46,425.400,425.400,2.000,0,0,0,25,
Merge2 #17,47,427.400,427.400,0,0,0,0.100,25,
Merge2 #17,48,427.500,427.500,2.000,0,0,0,25,
Merge2 #17,49,429.500,429.500,0,16.000,0,0,25,
Merge2 #17,50,445.500,445.500,0,0,3.000,0,25,
Merge2 #17,51,448.500,448.500,0,0,0,0.100,,
Merge2 #17,52,448.600,448.600,2.000,0,0,0,26,
Merge2 #17,53,450.600,450.600,0,0,0,0.100,26,
Merge2 #17,54,450.700,450.700,2.000,0,0,0,26,
Merge2 #17,55,452.700,452.700,0,16.000,0,0,26,
Merge2 #17,56,468.700,468.700,0,0,3.000,0,26,
Merge2 #17,57,471.700,471.700,0,0,0,0.100,,
Merge2 #17,58,471.800,471.800,2.000,0,0,0,27,
Merge2 #17,59,473.800,473.800,0,0,0,0.100,27,
Merge2 #17,60,473.900,473.900,2.000,0,0,0,27,
Merge2 #17,61,475.900,475.900,0,16.000,0,0,27,
Merge2 #17,62,491.900,491.900,0,0,3.000,0,27,
Merge2 #17,63,494.900,494.900,0,0,0,0.100,,
Merge2 #17,64,495.000,495.000,2.000,0,0,0,28,
Merge2 #17,65,497.000,497.000,0,0,0,0.100,28,
Merge2 #17,66,497.100,497.100,2.000,0,0,0,28,
Merge2 #17,67,499.100,499.100,0,16.000,0,0,28,
Merge2 #17,68,515.100,515.100,0,0,3.000,0,28,
Merge2 #17,69,518.100,518.100,0,0,0,0.100,,
Merge2 #17,70,518.200,518.200,2.000,0,0,0,29,
Merge2 #17,71,520.200,520.200,0,0,0,0.100,29,
Merge2 #17,72,520.300,520.300,2.000,0,0,0,29,
Merge2 #17,73,522.300,522.300,0,16.000,0,0,29,
Merge2 #17,74,538.300,538.300,0,0,3.000,0,29,
Merge2 #17,75,541.300,541.300,0,0,0,0.100,,
Merge2 #17,76,541.400,541.400,2.000,0,0,0,30,
Merge2 #17,77,543.400,543.400,0,0,0,0.100,30,
Merge2 #17,78,543.500,543.500,2.000,0,0,0,30,
Merge2 #17,79,545.500,545.500,0,16.000,0,0,30,
Merge2 #17,80,561.500,561.500,0,0,3.000,0,30,
Merge2 #17,81,564.500,564.500,0,0,0,0.100,,
Merge2 #17,82,564.600,564.600,2.000,0,0,0,31,
Merge2 #17,83,566.600,566.600,0,0,0,0.100,31,
Merge2 #17,84,566.700,566.700,2.000,0,0,0,31,
Merge2 #17,85,568.700,568.700,0,16.000,0,0,31,
Merge2 #17,86,584.700,584.700,0,0,3.000,0,31,
Merge2 #17,87,587.700,587.700,0,0,0,0.100,,
Merge2 #17,88,587.800,587.800,2.000,0,0,0,32,
Merge2 #17,89,589.800,589.800,0,0,0,0.100,32,
Merge2 #17,90,589.900,589.900,2.000,0,0,0,32,
Merge2 #17,91,591.900,591.900,0,16.000,0,0,32,
Merge2 #17,92,607.900,607.900,0,0,3.000,0,32,
Merge2 #17,93,610.900,610.900,0,0,0,0.100,,
Merge2 #17,94,611.000,611.000,2.000,0,0,0,33,
Merge2 #17,95,613.000,613.000,0,0,0,0.100,33,
Merge2 #17,96,613.100,613.100,2.000,0,0,0,33,
Merge2 #17,97,615.100,615.100,0,16.000,0,0,33,
Merge2 #17,98,631.100,631.100,0,0,3.000,0,33,
Merge2 #17,99,634.100,634.100,0,0,0,0.100,,
Merge2 #17,100,634.200,634.200,2.000,0,0,0,34,
Merge2 #17,101,636.200,636.200,0,0,0,0.100,34,
Merge2 #17,102,636.300,636.300,2.000,0,0,0,34,
Merge2 #17,103,638.300,638.300,0,16.000,0,0,34,
Merge2 #17,104,654.300,654.300,0,0,3.000,0,34,
Merge2 #17,105,657.300,657.300,0,0,0,0.100,,
Merge2 #17,106,657.400,657.400,2.000,0,0,0,35,
Merge2 #17,107,659.400,659.400,0,0,0,0.100,35,
Merge2 #17,108,659.500,659.500,2.000,0,0,0,35,
Merge2 #17,109,661.500,661.500,0,16.000,0,0,35,
Merge2 #17,110,677.500,677.500,0,0,3.000,0,35,
Merge2 #17,111,680.500,680.500,0,0,0,0.100,,
Merge2 #17,112,680.600,680.600,2.000,0,0,0,36,
Merge2 #17,113,682.600,682.600,0,0,0,0.100,36,
Merge2 #17,114,682.700,682.700,2.000,0,0,0,36,
Merge2 #17,115,684.700,684.700,0,16.000,0,0,36,
Merge2 #17,116,700.700,700.700,0,0,3.000,0,36,
Merge2 #17,117,703.700,703.700,0,0,0,0.100,,
Merge2 #17,118,703.800,703.800,2.000,0,0,0,37,
Merge2 #17,119,705.800,705.800,0,0,0,0.100,37,
Merge2 #17,120,705.900,705.900,2.000,0,0,0,37,
Merge2 #17,121,707.900,707.900,0,16.000,0,0,37,
Merge2 #17,122,723.900,723.900,0,0,3.000,0,37,
Merge2 #17,123,726.900,726.900,0,0,0,0.100,,
Merge2 #17,124,727.000,727.000,2.000,0,0,0,38,
Merge2 #17,125,729.000,729.000,0,0,0,0.100,38,
Merge2 #17,126,729.100,729.100,2.000,0,0,0,38,
Merge2 #17,127,731.100,731.100,0,16.000,0,0,38,
Merge2 #17,128,747.100,747.100,0,0,3.000,0,38,
Merge2 #17,129,750.100,750.100,0,0,0,0.100,,
Merge2 #17,130,750.200,750.200,2.000,0,0,0,39,
Merge2 #17,131,752.200,752.200,0,0,0,0.100,39,
Merge2 #17,132,752.300,752.300,2.000,0,0,0,39,
Merge2 #17,133,754.300,754.300,0,16.000,0,0,39,
Merge2 #17,134,770.300,770.300,0,0,3.000,0,39,
Merge2 #17,135,773.300,773.300,0,0,0,0.100,,
Merge2 #17,136,773.400,773.400,2.000,0,0,0,40,
Merge2 #17,137,775.400,775.400,0,0,0,0.100,40,
Merge2 #17,138,775.500,775.500,2.000,0,0,0,40,
Merge2 #17,139,777.500,777.500,0,16.000,0,0,40,
Merge2 #17,140,793.500,793.500,0,0,3.000,0,40,
Merge2 #17,141,796.500,796.500,0,0,0,0.100,,
Merge2 #17,142,796.600,796.600,2.000,0,0,0,41,
Merge2 #17,143,798.600,798.600,0,0,0,0.100,41,
Merge2 #17,144,798.700,798.700,2.000,0,0,0,41,
Merge2 #17,145,800.700,800.700,0,16.000,0,0,41,
Merge2 #17,146,816.700,816.700,0,0,3.000,0,41,
Merge2 #17,147,819.700,819.700,0,0,0,0.100,,
Merge2 #17,148,819.800,819.800,2.000,0,0,0,42,
Merge2 #17,149,821.800,821.800,0,0,0,0.100,42,
Merge2 #17,150,821.900,821.900,2.000,0,0,0,42,
Merge2 #17,151,823.900,823.900,0,16.000,0,0,42,
Merge2 #17,152,839.900,839.900,0,0,3.000,0,42,
Merge2 #17,153,842.900,842.900,0,0,0,0.100,,
Merge2 #17,154,843.000,843.000,2.000,0,0,0,43,
Merge2 #17,155,845.000,845.000,0,0,0,0.100,43,
Merge2 #17,156,845.100,845.100,2.000,0,0,0,43,
Merge2 #17,157,847.100,847.100,0,2.700,0,0,43,
Merge2 #26,1,249.800,249.800,0,12.200,0,0,17,
Merge2 #26,2,262.000,262.000,0,0,3.000,0,17,
Merge2 #26,3,265.000,265.000,0,0,0,0.100,,
Merge2 #26,4,265.100,265.100,2.000,0,0,0,18,
Merge2 #26,5,267.100,267.100,0,0,0,0.100,18,
Merge2 #26,6,267.200,267.200,2.000,0,0,0,18,
Merge2 #26,7,269.200,269.200,0,16.000,0,0,18,
Merge2 #26,8,285.200,285.200,0,0,3.000,0,18,
Merge2 #26,9,288.200,288.200,0,0,0,0.100,,
Merge2 #26,10,288.300,288.300,2.000,0,0,0,19,
Merge2 #26,11,290.300,290.300,0,0,0,0.100,19,
Merge2 #26,12,290.400,290.400,2.000,0,0,0,19,
Merge2 #26,13,292.400,292.400,0,16.000,0,0,19,
Merge2 #26,14,308.400,308.400,0,0,3.000,0,19,
Merge2 #26,15,311.400,311.400,0,0,0,0.100,,
Merge2 #26,16,311.500,311.500,2.000,0,0,0,20,
Merge2 #26,17,313.500,313.500,0,0,0,0.100,20,
Merge2 #26,18,313.600,313.600,2.000,0,0,0,20,
Merge2 #26,19,315.600,315.600,0,16.000,0,0,20,
Merge2 #26,20,331.600,331.600,0,0,3.000,0,20,
Merge2 #26,21,334.600,334.600,0,0,0,0.100,,
Merge2 #26,22,334.700,334.700,2.000,0,0,0,21,
Merge2 #26,23,336.700,336.700,0,0,0,0.100,21,
Merge2 #26,24,336.800,336.800,2.000,0,0,0,21,
Merge2 #26,25,338.800,338.800,0,16.000,0,0,21,
Merge2 #26,26,354.800,354.800,0,0,3.000,0,21,
Merge2 #26,27,357.800,357.800,0,0,0,0.100,,
Merge2 #26,28,357.900,357.900,2.000,0,0,0,22,
Merge2 #26,29,359.900,359.900,0,0,0,0.100,22,
Merge2 #26,30,360.000,360.000,2.000,0,0,0,22,
Merge2 #26,31,362.000,362.000,0,16.000,0,0,22,
Merge2 #26,32,378.000,378.000,0,0,3.000,0,22,
Merge2 #26,33,381.000,381.000,0,0,0,0.100,,
Merge2 #26,34,381.100,381.100,2.000,0,0,0,23,
Merge2 #26,35,383.100,383.100,0,0,0,0.100,23,
Merge2 #26,36,383.200,383.200,2.000,0,0,0,23,
Merge2 #26,37,385.200,385.200,0,16.000,0,0,23,
Merge2 #26,38,401.200,401.200,0,0,3.000,0,23,
Merge2 #26,39,404.200,404.200,0,0,0,0.100,,
Merge2 #26,40,404.300,404.300,2.000,0,0,0,24,
Merge2 #26,41,406.300,406.300,0,0,0,0.100,24,
Merge2 #26,42,406.400,406.400,2.000,0,0,0,24,
Merge2 #26,43,408.400,408.400,0,16.000,0,0,24,
Merge2 #26,44,424.400,424.400,0,0,3.000,0,24,
Merge2 #26,45,427.400,427.400,0,0,0,0.100,,
Merge2 #26,46,427.500,427.500,2.000,0,0,0,25,
Merge2 #26,47,429.500,429.500,0,0,0,0.100,25,
Merge2 #26,48,429.600,429.600,2.000,0,0,0,25,
Merge2 #26,49,431.600,431.600,0,16.000,0,0,25,
Merge2 #26,50,447.600,447.600,0,0,3.000,0,25,
Merge2 #26,51,450.600,450.600,0,0,0,0.100,,
Merge2 #26,52,450.700,450.700,2.000,0,0,0,26,
Merge2 #26,53,452.700,452.700,0,0,0,0.100,26,
Merge2 #26,54,452.800,452.800,2.000,0,0,0,26,
Merge2 #26,55,454.800,454.800,0,16.000,0,0,26,
Merge2 #26,56,470.800,470.800,0,0,3.000,0,26,
Merge2 #26,57,473.800,473.800,0,0,0,0.100,,
Merge2 #26,58,473.900,473.900,2.000,0,0,0,27,
Merge2 #26,59,475.900,475.900,0,0,0,0.100,27,
Merge2 #26,60,476.000,476.000,2.000,0,0,0,27,
Merge2 #26,61,478.000,478.000,0,16.000,0,0,27,
Merge2 #26,62,494.000,494.000,0,0,3.000,0,27,
Merge2 #26,63,497.000,497.000,0,0,0,0.100,,
Merge2 #26,64,497.100,497.100,2.000,0,0,0,28,
Merge2 #26,65,499.100,499.100,0,0,0,0.100,28,
Merge2 #26,66,499.200,499.200,2.000,0,0,0,28,
Merge2 #26,67,501.200,501.200,0,16.000,0,0,28,
Merge2 #26,68,517.200,517.200,0,0,3.000,0,28,
Merge2 #26,69,520.200,520.200,0,0,0,0.100,,
Merge2 #26,70,520.300,520.300,2.000,0,0,0,29,
Merge2 #26,71,522.300,522.300,0,0,0,0.100,29,
Merge2 #26,72,522.400,522.400,2.000,0,0,0,29,
Merge2 #26,73,524.400,524.400,0,16.000,0,0,29,
Merge2 #26,74,540.400,540.400,0,0,3.000,0,29,
Merge2 #26,75,543.400,543.400,0,0,0,0.100,,
Merge2 #26,76,543.500,543.500,2.000,0,0,0,30,
Merge2 #26,77,545.500,545.500,0,0,0,0.100,30,
Merge2 #26,78,545.600,545.600,2.000,0,0,0,30,
Merge2 #26,79,547.600,547.600,0,16.000,0,0,30,
Merge2 #26,80,563.600,563.600,0,0,3.000,0,30,
Merge2 #26,81,566.600,566.600,0,0,0,0.100,,
Merge2 #26,82,566.700,566.700,2.000,0,0,0,31,
Merge2 #26,83,568.700,568.700,0,0,0,0.100,31,
Merge2 #26,84,568.800,568.800,2.000,0,0,0,31,
Merge2 #26,85,570.800,570.800,0,16.000,0,0,31,
Merge2 #26,86,586.800,586.800,0,0,3.000,0,31,
Merge2 #26,87,589.800,589.800,0,0,0,0.100,,
Merge2 #26,88,589.900,589.900,2.000,0,0,0,32,
Merge2 #26,89,591.900,591.900,0,0,0,0.100,32,
Merge2 #26,90,592.000,592.000,2.000,0,0,0,32,
Merge2 #26,91,594.000,594.000,0,16.000,0,0,32,
Merge2 #26,92,610.000,610.000,0,0,3.000,0,32,
Merge2 #26,93,613.000,613.000,0,0,0,0.100,,
Merge2 #26,94,613.100,613.100,2.000,0,0,0,33,
Merge2 #26,95,615.100,615.100,0,0,0,0.100,33,
Merge2 #26,96,615.200,615.200,2.000,0,0,0,33,
Merge2 #26,97,617.200,617.200,0,16.000,0,0,33,
Merge2 #26,98,633.200,633.200,0,0,3.000,0,33,
Merge2 #26,99,636.200,636.200,0,0,0,0.100,,
Merge2 #26,100,636.300,636.300,2.000,0,0,0,34,
Merge2 #26,101,638.300,638.300,0,0,0,0.100,34,
Merge2 #26,102,638.400,638.400,2.000,0,0,0,34,
Merge2 #26,103,640.400,640.400,0,16.000,0,0,34,
Merge2 #26,104,656.400,656.400,0,0,3.000,0,34,
Merge2 #26,105,659.400,659.400,0,0,0,0.100,,
Merge2 #26,106,659.500,659.500,2.000,0,0,0,35,
Merge2 #26,107,661.500,661.500,0,0,0,0.100,35,
Merge2 #26,108,661.600,661.600,2.000,0,0,0,35,
Merge2 #26,109,663.600,663.600,0,16.000,0,0,35,
Merge2 #26,110,679.600,679.600,0,0,3.000,0,35,
Merge2 #26,111,682.600,682.600,0,0,0,0.100,,
Merge2 #26,112,682.700,682.700,2.000,0,0,0,36,
Merge2 #26,113,684.700,684.700,0,0,0,0.100,36,
Merge2 #26,114,684.800,684.800,2.000,0,0,0,36,
Merge2 #26,115,686.800,686.800,0,16.000,0,0,36,
Merge2 #26,116,702.800,702.800,0,0,3.000,0,36,
Merge2 #26,117,705.800,705.800,0,0,0,0.100,,
Merge2 #26,118,705.900,705.900,2.000,0,0,0,37,
Merge2 #26,119,707.900,707.900,0,0,0,0.100,37,
Merge2 #26,120,708.000,708.000,2.000,0,0,0,37,
Merge2 #26,121,710.000,710.000,0,16.000,0,0,37,
Merge2 #26,122,726.000,726.000,0,0,3.000,0,37,
Merge2 #26,123,729.000,729.000,0,0,0,0.100,,
Merge2 #26,124,729.100,729.100,2.000,0,0,0,38,
Merge2 #26,125,731.100,731.100,0,0,0,0.100,38,
Merge2 #26,126,731.200,731.200,2.000,0,0,0,38,
Merge2 #26,127,733.200,733.200,0,16.000,0,0,38,
Merge2 #26,128,749.200,749.200,0,0,3.000,0,38,
Merge2 #26,129,752.200,752.200,0,0,0,0.100,,
Merge2 #26,130,752.300,752.300,2.000,0,0,0,39,
Merge2 #26,131,754.300,754.300,0,0,0,0.100,39,
Merge2 #26,132,754.400,754.400,2.000,0,0,0,39,
Merge2 #26,133,756.400,756.400,0,16.000,0,0,39,
Merge2 #26,134,772.400,772.400,0,0,3.000,0,39,
Merge2 #26,135,775.400,775.400,0,0,0,0.100,,
Merge2 #26,136,775.500,775.500,2.000,0,0,0,40,
Merge2 #26,137,777.500,777.500,0,0,0,0.100,40,
Merge2 #26,138,777.600,777.600,2.000,0,0,0,40,
Merge2 #26,139,779.600,779.600,0,16.000,0,0,40,
Merge2 #26,140,795.600,795.600,0,0,3.000,0,40,
Merge2 #26,141,798.600,798.600,0,0,0,0.100,,
Merge2 #26,142,798.700,798.700,2.000,0,0,0,41,
Merge2 #26,143,800.700,800.700,0,0,0,0.100,41,
Merge2 #26,144,800.800,800.800,2.000,0,0,0,41,
Merge2 #26,145,802.800,802.800,0,16.000,0,0,41,
Merge2 #26,146,818.800,818.800,0,0,3.000,0,41,
Merge2 #26,147,821.800,821.800,0,0,0,0.100,,
Merge2 #26,148,821.900,821.900,2.000,0,0,0,42,
Merge2 #26,149,823.900,823.900,0,0,0,0.100,42,
Merge2 #26,150,824.000,824.000,2.000,0,0,0,42,
Merge2 #26,151,826.000,826.000,0,16.000,0,0,42,
Merge2 #26,152,842.000,842.000,0,0,3.000,0,42,
Merge2 #26,153,845.000,845.000,0,0,0,0.100,,
Merge2 #26,154,845.100,845.100,2.000,0,0,0,43,
Merge2 #26,155,847.100,847.100,0,0,0,0.100,43,
Merge2 #26,156,847.200,847.200,2.000,0,0,0,43,
Merge2 #26,157,849.200,849.200,0,0.600,0,0,43,
EquipmentNode #5,1,249.800,249.800,0,8.000,0,0,17,
EquipmentNode #5,2,257.800,257.800,0,0,3.000,0,17,
EquipmentNode #5,3,260.800,260.800,0,0,0,0.100,17,
EquipmentNode #5,4,260.900,260.900,2.000,0,0,0,18,
EquipmentNode #5,5,262.900,262.900,0,18.100,0,0,18,
EquipmentNode #5,6,281.000,281.000,0,0,3.000,0,18,
EquipmentNode #5,7,284.000,284.000,0,0,0,0.100,18,
EquipmentNode #5,8,284.100,284.100,2.000,0,0,0,19,
EquipmentNode #5,9,286.100,286.100,0,18.100,0,0,19,
EquipmentNode #5,10,304.200,304.200,0,0,3.000,0,19,
EquipmentNode #5,11,307.200,307.200,0,0,0,0.100,19,
EquipmentNode #5,12,307.300,307.300,2.000,0,0,0,20,
EquipmentNode #5,13,309.300,309.300,0,18.100,0,0,20,
EquipmentNode #5,14,327.400,327.400,0,0,3.000,0,20,
EquipmentNode #5,15,330.400,330.400,0,0,0,0.100,20,
EquipmentNode #5,16,330.500,330.500,2.000,0,0,0,21,
EquipmentNode #5,17,332.500,332.500,0,18.100,0,0,21,
EquipmentNode #5,18,350.600,350.600,0,0,3.000,0,21,
EquipmentNode #5,19,353.600,353.600,0,0,0,0.100,21,
EquipmentNode #5,20,353.700,353.700,2.000,0,0,0,22,
EquipmentNode #5,21,355.700,355.700,0,18.100,0,0,22,
EquipmentNode #5,22,373.800,373.800,0,0,3.000,0,22,
EquipmentNode #5,23,376.800,376.800,0,0,0,0.100,22,
EquipmentNode #5,24,376.900,376.900,2.000,0,0,0,23,
EquipmentNode #5,25,378.900,378.900,0,18.100,0,0,23,
EquipmentNode #5,26,397.000,397.000,0,0,3.000,0,23,
EquipmentNode #5,27,400.000,400.000,0,0,0,0.100,23,
EquipmentNode #5,28,400.100,400.100,2.000,0,0,0,24,
EquipmentNode #5,29,402.100,402.100,0,18.100,0,0,24,
EquipmentNode #5,30,420.200,420.200,0,0,3.000,0,24,
EquipmentNode #5,31,423.200,423.200,0,0,0,0.100,24,
EquipmentNode #5,32,423.300,423.300,2.000,0,0,0,25,
EquipmentNode #5,33,425.300,425.300,0,18.100,0,0,25,
EquipmentNode #5,34,443.400,443.400,0,0,3.000,0,25,
EquipmentNode #5,35,446.400,446.400,0,0,0,0.100,25,
EquipmentNode #5,36,446.500,446.500,2.000,0,0,0,26,
EquipmentNode #5,37,448.500,448.500,0,18.100,0,0,26,
EquipmentNode #5,38,466.600,466.600,0,0,3.000,0,26,
EquipmentNode #5,39,469.600,469.600,0,0,0,0.100,26,
EquipmentNode #5,40,469.700,469.700,2.000,0,0,0,27,
EquipmentNode #5,41,471.700,471.700,0,18.100,0,0,27,
EquipmentNode #5,42,489.800,489.800,0,0,3.000,0,27,
EquipmentNode #5,43,492.800,492.800,0,0,0,0.100,27,
EquipmentNode #5,44,492.900,492.900,2.000,0,0,0,28,
EquipmentNode #5,45,494.900,494.900,0,18.100,0,0,28,
EquipmentNode #5,46,513.000,513.000,0,0,3.000,0,28,
EquipmentNode #5,47,516.000,516.000,0,0,0,0.100,28,
EquipmentNode #5,48,516.100,516.100,2.000,0,0,0,29,
EquipmentNode #5,49,518.100,518.100,0,18.100,0,0,29,
EquipmentNode #5,50,536.200,536.200,0,0,3.000,0,29,
EquipmentNode #5,51,539.200,539.200,0,0,0,0.100,29,
EquipmentNode #5,52,539.300,539.300,2.000,0,0,0,30,
EquipmentNode #5,53,541.300,541.300,0,18.100,0,0,30,
EquipmentNode #5,54,559.400,559.400,0,0,3.000,0,30,
EquipmentNode #5,55,562.400,562.400,0,0,0,0.100,30,
EquipmentNode #5,56,562.500,562.500,2.000,0,0,0,31,
EquipmentNode #5,57,564.500,564.500,0,18.100,0,0,31,
EquipmentNode #5,58,582.600,582.600,0,0,3.000,0,31,
EquipmentNode #5,59,585.600,585.600,0,0,0,0.100,31,
EquipmentNode #5,60,585.700,585.700,2.000,0,0,0,32,
EquipmentNode #5,61,587.700,587.700,0,18.100,0,0,32,
EquipmentNode #5,62,605.800,605.800,0,0,3.000,0,32,
EquipmentNode #5,63,608.800,608.800,0,0,0,0.100,32,
EquipmentNode #5,64,608.900,608.900,2.000,0,0,0,33,
EquipmentNode #5,65,610.900,610.900,0,18.100,0,0,33,
EquipmentNode #5,66,629.000,629.000,0,0,3.000,0,33,
EquipmentNode #5,67,632.000,632.000,0,0,0,0.100,33,
EquipmentNode #5,68,632.100,632.100,2.000,0,0,0,34,
EquipmentNode #5,69,634.100,634.100,0,18.100,0,0,34,
EquipmentNode #5,70,652.200,652.200,0,0,3.000,0,34,
EquipmentNode #5,71,655.200,655.200,0,0,0,0.100,34,
EquipmentNode #5,72,655.300,655.300,2.000,0,0,0,35,
EquipmentNode #5,73,657.300,657.300,0,18.100,0,0,35,
EquipmentNode #5,74,675.400,675.400,0,0,3.000,0,35,
EquipmentNode #5,75,678.400,678.400,0,0,0,0.100,35,
EquipmentNode #5,76,678.500,678.500,2.000,0,0,0,36,
EquipmentNode #5,77,680.500,680.500,0,18.100,0,0,36,
EquipmentNode #5,78,698.600,698.600,0,0,3.000,0,36,
EquipmentNode #5,79,701.600,701.600,0,0,0,0.100,36,
EquipmentNode #5,80,701.700,701.700,2.000,0,0,0,37,
EquipmentNode #5,81,703.700,703.700,0,18.100,0,0,37,
EquipmentNode #5,82,721.800,721.800,0,0,3.000,0,37,
EquipmentNode #5,83,724.800,724.800,0,0,0,0.100,37,
EquipmentNode #5,84,724.900,724.900,2.000,0,0,0,38,
EquipmentNode #5,85,726.900,726.900,0,18.100,0,0,38,
EquipmentNode #5,86,745.000,745.000,0,0,3.000,0,38,
EquipmentNode #5,87,748.000,748.000,0,0,0,0.100,38,
EquipmentNode #5,88,748.100,748.100,2.000,0,0,0,39,
EquipmentNode #5,89,750.100,750.100,0,18.100,0,0,39,
EquipmentNode #5,90,768.200,768.200,0,0,3.000,0,39,
EquipmentNode #5,91,771.200,771.200,0,0,0,0.100,39,
EquipmentNode #5,92,771.300,771.300,2.000,0,0,0,40,
EquipmentNode #5,93,773.300,773.300,0,18.100,0,0,40,
EquipmentNode #5,94,791.400,791.400,0,0,3.000,0,40,
EquipmentNode #5,95,794.400,794.400,0,0,0,0.100,40,
EquipmentNode #5,96,794.500,794.500,2.000,0,0,0,41,
EquipmentNode #5,97,796.500,796.500,0,18.100,0,0,41,
EquipmentNode #5,98,814.600,814.600,0,0,3.000,0,41,
EquipmentNode #5,99,817.600,817.600,0,0,0,0.100,41,
EquipmentNode #5,100,817.700,817.700,2.000,0,0,0,42,
EquipmentNode #5,101,819.700,819.700,0,18.100,0,0,42,
EquipmentNode #5,102,837.800,837.800,0,0,3.000,0,42,
EquipmentNode #5,103,840.800,840.800,0,0,0,0.100,42,
EquipmentNode #5,104,840.900,840.900,2.000,0,0,0,43,
EquipmentNode #5,105,842.900,842.900,0,6.900,0,0,43,
EquipmentNode #30,1,249.800,249.800,0,7.000,0,0,16,
EquipmentNode #30,2,256.800,256.800,0,0,3.000,0,16,
EquipmentNode #30,3,259.800,259.800,0,0,0,0.100,16,
EquipmentNode #30,4,259.900,259.900,2.000,0,0,0,17,
EquipmentNode #30,5,261.900,261.900,0,18.100,0,0,17,
EquipmentNode #30,6,280.000,280.000,0,0,3.000,0,17,
EquipmentNode #30,7,283.000,283.000,0,0,0,0.100,17,
EquipmentNode #30,8,283.100,283.100,2.000,0,0,0,18,
EquipmentNode #30,9,285.100,285.100,0,18.100,0,0,18,
EquipmentNode #30,10,303.200,303.200,0,0,3.000,0,18,
EquipmentNode #30,11,306.200,306.200,0,0,0,0.100,18,
EquipmentNode #30,12,306.300,306.300,2.000,0,0,0,19,
EquipmentNode #30,13,308.300,308.300,0,18.100,0,0,19,
EquipmentNode #30,14,326.400,326.400,0,0,3.000,0,19,
EquipmentNode #30,15,329.400,329.400,0,0,0,0.100,19,
EquipmentNode #30,16,329.500,329.500,2.000,0,0,0,20,
EquipmentNode #30,17,331.500,331.500,0,18.100,0,0,20,
EquipmentNode #30,18,349.600,349.600,0,0,3.000,0,20,
EquipmentNode #30,19,352.600,352.600,0,0,0,0.100,20,
EquipmentNode #30,20,352.700,352.700,2.000,0,0,0,21,
EquipmentNode #30,21,354.700,354.700,0,18.100,0,0,21,
EquipmentNode #30,22,372.800,372.800,0,0,3.000,0,21,
EquipmentNode #30,23,375.800,375.800,0,0,0,0.100,21,
EquipmentNode #30,24,375.900,375.900,2.000,0,0,0,22,
EquipmentNode #30,25,377.900,377.900,0,18.100,0,0,22,
EquipmentNode #30,26,396.000,396.000,0,0,3.000,0,22,
EquipmentNode #30,27,399.000,399.000,0,0,0,0.100,22,
EquipmentNode #30,28,399.100,399.100,2.000,0,0,0,23,
EquipmentNode #30,29,401.100,401.100,0,18.100,0,0,23,
EquipmentNode #30,30,419.200,419.200,0,0,3.000,0,23,
EquipmentNode #30,31,422.200,422.200,0,0,0,0.100,23,
EquipmentNode #30,32,422.300,422.300,2.000,0,0,0,24,
EquipmentNode #30,33,424.300,424.300,0,18.100,0,0,24,
EquipmentNode #30,34,442.400,442.400,0,0,3.000,0,24,
EquipmentNode #30,35,445.400,445.400,0,0,0,0.100,24,
EquipmentNode #30,36,445.500,445.500,2.000,0,0,0,25,
EquipmentNode #30,37,447.500,447.500,0,18.100,0,0,25,
EquipmentNode #30,38,465.600,465.600,0,0,3.000,0,25,
EquipmentNode #30,39,468.600,468.600,0,0,0,0.100,25,
EquipmentNode #30,40,468.700,468.700,2.000,0,0,0,26,
EquipmentNode #30,41,470.700,470.700,0,18.100,0,0,26,
EquipmentNode #30,42,488.800,488.800,0,0,3.000,0,26,
EquipmentNode #30,43,491.800,491.800,0,0,0,0.100,26,
EquipmentNode #30,44,491.900,491.900,2.000,0,0,0,27,
EquipmentNode #30,45,493.900,493.900,0,18.100,0,0,27,
EquipmentNode #30,46,512.000,512.000,0,0,3.000,0,27,
EquipmentNode #30,47,515.000,515.000,0,0,0,0.100,27,
EquipmentNode #30,48,515.100,515.100,2.000,0,0,0,28,
EquipmentNode #30,49,517.100,517.100,0,18.100,0,0,28,
EquipmentNode #30,50,535.200,535.200,0,0,3.000,0,28,
EquipmentNode #30,51,538.200,538.200,0,0,0,0.100,28,
EquipmentNode #30,52,538.300,538.300,2.000,0,0,0,29,
EquipmentNode #30,53,540.300,540.300,0,18.100,0,0,29,
EquipmentNode #30,54,558.400,558.400,0,0,3.000,0,29,
EquipmentNode #30,55,561.400,561.400,0,0,0,0.100,29,
EquipmentNode #30,56,561.500,561.500,2.000,0,0,0,30,
EquipmentNode #30,57,563.500,563.500,0,18.100,0,0,30,
EquipmentNode #30,58,581.600,581.600,0,0,3.000,0,30,
EquipmentNode #30,59,584.600,584.600,0,0,0,0.100,30,
EquipmentNode #30,60,584.700,584.700,2.000,0,0,0,31,
EquipmentNode #30,61,586.700,586.700,0,18.100,0,0,31,
EquipmentNode #30,62,604.800,604.800,0,0,3.000,0,31,
EquipmentNode #30,63,607.800,607.800,0,0,0,0.100,31,
EquipmentNode #30,64,607.900,607.900,2.000,0,0,0,32,
EquipmentNode #30,65,609.900,609.900,0,18.100,0,0,32,
EquipmentNode #30,66,628.000,628.000,0,0,3.000,0,32,
EquipmentNode #30,67,631.000,631.000,0,0,0,0.100,32,
EquipmentNode #30,68,631.100,631.100,2.000,0,0,0,33,
EquipmentNode #30,69,633.100,633.100,0,18.100,0,0,33,
EquipmentNode #30,70,651.200,651.200,0,0,3.000,0,33,
EquipmentNode #30,71,654.200,654.200,0,0,0,0.100,33,
EquipmentNode #30,72,654.300,654.300,2.000,0,0,0,34,
EquipmentNode #30,73,656.300,656.300,0,18.100,0,0,34,
EquipmentNode #30,74,674.400,674.400,0,0,3.000,0,34,
EquipmentNode #30,75,677.400,677.400,0,0,0,0.100,34,
EquipmentNode #30,76,677.500,677.500,2.000,0,0,0,35,
EquipmentNode #30,77,679.500,679.500,0,18.100,0,0,35,
EquipmentNode #30,78,697.600,697.600,0,0,3.000,0,35,
EquipmentNode #30,79,700.600,700.600,0,0,0,0.100,35,
EquipmentNode #30,80,700.700,700.700,2.000,0,0,0,36,
EquipmentNode #30,81,702.700,702.700,0,18.100,0,0,36,
EquipmentNode #30,82,720.800,720.800,0,0,3.000,0,36,
EquipmentNode #30,83,723.800,723.800,0,0,0,0.100,36,
EquipmentNode #30,84,723.900,723.900,2.000,0,0,0,37,
EquipmentNode #30,85,725.900,725.900,0,18.100,0,0,37,
EquipmentNode #30,86,744.000,744.000,0,0,3.000,0,37,
EquipmentNode #30,87,747.000,747.000,0,0,0,0.100,37,
EquipmentNode #30,88,747.100,747.100,2.000,0,0,0,38,
EquipmentNode #30,89,749.100,749.100,0,18.100,0,0,38,
EquipmentNode #30,90,767.200,767.200,0,0,3.000,0,38,
EquipmentNode #30,91,770.200,770.200,0,0,0,0.100,38,
EquipmentNode #30,92,770.300,770.300,2.000,0,0,0,39,
EquipmentNode #30,93,772.300,772.300,0,18.100,0,0,39,
EquipmentNode #30,94,790.400,790.400,0,0,3.000,0,39,
EquipmentNode #30,95,793.400,793.400,0,0,0,0.100,39,
EquipmentNode #30,96,793.500,793.500,2.000,0,0,0,40,
EquipmentNode #30,97,795.500,795.500,0,18.100,0,0,40,
EquipmentNode #30,98,813.600,813.600,0,0,3.000,0,40,
EquipmentNode #30,99,816.600,816.600,0,0,0,0.100,40,
EquipmentNode #30,100,816.700,816.700,2.000,0,0,0,41,
EquipmentNode #30,101,818.700,818.700,0,18.100,0,0,41,
EquipmentNode #30,102,836.800,836.800,0,0,3.000,0,41,
EquipmentNode #30,103,839.800,839.800,0,0,0,0.100,41,
EquipmentNode #30,104,839.900,839.900,2.000,0,0,0,42,
EquipmentNode #30,105,841.900,841.900,0,7.900,0,0,42,
EquipmentNode #31,1,249.800,249.800,0,9.100,0,0,16,
EquipmentNode #31,2,258.900,258.900,0,0,3.000,0,16,
EquipmentNode #31,3,261.900,261.900,0,0,0,0.100,16,
EquipmentNode #31,4,262.000,262.000,2.000,0,0,0,17,
EquipmentNode #31,5,264.000,264.000,0,18.100,0,0,17,
EquipmentNode #31,6,282.100,282.100,0,0,3.000,0,17,
EquipmentNode #31,7,285.100,285.100,0,0,0,0.100,17,
EquipmentNode #31,8,285.200,285.200,2.000,0,0,0,18,
EquipmentNode #31,9,287.200,287.200,0,18.100,0,0,18,
EquipmentNode #31,10,305.300,305.300,0,0,3.000,0,18,
EquipmentNode #31,11,308.300,308.300,0,0,0,0.100,18,
EquipmentNode #31,12,308.400,308.400,2.000,0,0,0,19,
EquipmentNode #31,13,310.400,310.400,0,18.100,0,0,19,
EquipmentNode #31,14,328.500,328.500,0,0,3.000,0,19,
EquipmentNode #31,15,331.500,331.500,0,0,0,0.100,19,
EquipmentNode #31,16,331.600,331.600,2.000,0,0,0,20,
EquipmentNode #31,17,333.600,333.600,0,18.100,0,0,20,
EquipmentNode #31,18,351.700,351.700,0,0,3.000,0,20,
EquipmentNode #31,19,354.700,354.700,0,0,0,0.100,20,
EquipmentNode #31,20,354.800,354.800,2.000,0,0,0,21,
EquipmentNode #31,21,356.800,356.800,0,18.100,0,0,21,
EquipmentNode #31,22,374.900,374.900,0,0,3.000,0,21,
EquipmentNode #31,23,377.900,377.900,0,0,0,0.100,21,
EquipmentNode #31,24,378.000,378.000,2.000,0,0,0,22,
EquipmentNode #31,25,380.000,380.000,0,18.100,0,0,22,
EquipmentNode #31,26,398.100,398.100,0,0,3.000,0,22,
EquipmentNode #31,27,401.100,401.100,0,0,0,0.100,22,
EquipmentNode #31,28,401.200,401.200,2.000,0,0,0,23,
EquipmentNode #31,29,403.200,403.200,0,18.100,0,0,23,
EquipmentNode #31,30,421.300,421.300,0,0,3.000,0,23,
EquipmentNode #31,31,424.300,424.300,0,0,0,0.100,23,
EquipmentNode #31,32,424.400,424.400,2.000,0,0,0,24,
EquipmentNode #31,33,426.400,426.400,0,18.100,0,0,24,
EquipmentNode #31,34,444.500,444.500,0,0,3.000,0,24,
EquipmentNode #31,35,447.500,447.500,0,0,0,0.100,24,
EquipmentNode #31,36,447.600,447.600,2.000,0,0,0,25,
EquipmentNode #31,37,449.600,449.600,0,18.100,0,0,25,
EquipmentNode #31,38,467.700,467.700,0,0,3.000,0,25,
EquipmentNode #31,39,470.700,470.700,0,0,0,0.100,25,
EquipmentNode #31,40,470.800,470.800,2.000,0,0,0,26,
EquipmentNode #31,41,472.800,472.800,0,18.100,0,0,26,
EquipmentNode #31,42,490.900,490.900,0,0,3.000,0,26,
EquipmentNode #31,43,493.900,493.900,0,0,0,0.100,26,
EquipmentNode #31,44,494.000,494.000,2.000,0,0,0,27,
EquipmentNode #31,45,496.000,496.000,0,18.100,0,0,27,
EquipmentNode #31,46,514.100,514.100,0,0,3.000,0,27,
EquipmentNode #31,47,517.100,517.100,0,0,0,0.100,27,
EquipmentNode #31,48,517.200,517.200,2.000,0,0,0,28,
EquipmentNode #31,49,519.200,519.200,0,18.100,0,0,28,
EquipmentNode #31,50,537.300,537.300,0,0,3.000,0,28,
EquipmentNode #31,51,540.300,540.300,0,0,0,0.100,28,
EquipmentNode #31,52,540.400,540.400,2.000,0,0,0,29,
EquipmentNode #31,53,542.400,542.400,0,18.100,0,0,29,
EquipmentNode #31,54,560.500,560.500,0,0,3.000,0,29,
EquipmentNode #31,55,563.500,563.500,0,0,0,0.100,29,
EquipmentNode #31,56,563.600,563.600,2.000,0,0,0,30,
EquipmentNode #31,57,565.600,565.600,0,18.100,0,0,30,
EquipmentNode #31,58,583.700,583.700,0,0,3.000,0,30,
EquipmentNode #31,59,586.700,586.700,0,0,0,0.100,30,
EquipmentNode #31,60,586.800,586.800,2.000,0,0,0,31,
EquipmentNode #31,61,588.800,588.800,0,18.100,0,0,31,
EquipmentNode #31,62,606.900,606.900,0,0,3.000,0,31,
EquipmentNode #31,63,609.900,609.900,0,0,0,0.100,31,
EquipmentNode #31,64,610.000,610.000,2.000,0,0,0,32,
EquipmentNode #31,65,612.000,612.000,0,18.100,0,0,32,
EquipmentNode #31,66,630.100,630.100,0,0,3.000,0,32,
EquipmentNode #31,67,633.100,633.100,0,0,0,0.100,32,
EquipmentNode #31,68,633.200,633.200,2.000,0,0,0,33,
EquipmentNode #31,69,635.200,635.200,0,18.100,0,0,33,
EquipmentNode #31,70,653.300,653.300,0,0,3.000,0,33,
EquipmentNode #31,71,656.300,656.300,0,0,0,0.100,33,
EquipmentNode #31,72,656.400,656.400,2.000,0,0,0,34,
EquipmentNode #31,73,658.400,658.400,0,18.100,0,0,34,
EquipmentNode #31,74,676.500,676.500,0,0,3.000,0,34,
EquipmentNode #31,75,679.500,679.500,0,0,0,0.100,34,
EquipmentNode #31,76,679.600,679.600,2.000,0,0,0,35,
EquipmentNode #31,77,681.600,681.600,0,18.100,0,0,35,
EquipmentNode #31,78,699.700,699.700,0,0,3.000,0,35,
EquipmentNode #31,79,702.700,702.700,0,0,0,0.100,35,
EquipmentNode #31,80,702.800,702.800,2.000,0,0,0,36,
EquipmentNode #31,81,704.800,704.800,0,18.100,0,0,36,
EquipmentNode #31,82,722.900,722.900,0,0,3.000,0,36,
EquipmentNode #31,83,725.900,725.900,0,0,0,0.100,36,
EquipmentNode #31,84,726.000,726.000,2.000,0,0,0,37,
EquipmentNode #31,85,728.000,728.000,0,18.100,0,0,37,
EquipmentNode #31,86,746.100,746.100,0,0,3.000,0,37,
EquipmentNode #31,87,749.100,749.100,0,0,0,0.100,37,
EquipmentNode #31,88,749.200,749.200,2.000,0,0,0,38,
EquipmentNode #31,89,751.200,751.200,0,18.100,0,0,38,
EquipmentNode #31,90,769.300,769.300,0,0,3.000,0,38,
EquipmentNode #31,91,772.300,772.300,0,0,0,0.100,38,
EquipmentNode #31,92,772.400,772.400,2.000,0,0,0,39,
EquipmentNode #31,93,774.400,774.400,0,18.100,0,0,39,
EquipmentNode #31,94,792.500,792.500,0,0,3.000,0,39,
EquipmentNode #31,95,795.500,795.500,0,0,0,0.100,39,
EquipmentNode #31,96,795.600,795.600,2.000,0,0,0,40,
EquipmentNode #31,97,797.600,797.600,0,18.100,0,0,40,
EquipmentNode #31,98,815.700,815.700,0,0,3.000,0,40,
EquipmentNode #31,99,818.700,818.700,0,0,0,0.100,40,
EquipmentNode #31,100,818.800,818.800,2.000,0,0,0,41,
EquipmentNode #31,101,820.800,820.800,0,18.100,0,0,41,
EquipmentNode #31,102,838.900,838.900,0,0,3.000,0,41,
EquipmentNode #31,103,841.900,841.900,0,0,0,0.100,41,
EquipmentNode #31,104,842.000,842.000,2.000,0,0,0,42,
EquipmentNode #31,105,844.000,844.000,0,5.800,0,0,42,
EquipmentNode #6,1,249.800,249.800,0,4.900,0,0,16,
EquipmentNode #6,2,254.700,254.700,0,0,3.000,0,16,
EquipmentNode #6,3,257.700,257.700,0,0,0,0.100,16,
EquipmentNode #6,4,257.800,257.800,2.000,0,0,0,17,
EquipmentNode #6,5,259.800,259.800,0,18.100,0,0,17,
EquipmentNode #6,6,277.900,277.900,0,0,3.000,0,17,
EquipmentNode #6,7,280.900,280.900,0,0,0,0.100,17,
EquipmentNode #6,8,281.000,281.000,2.000,0,0,0,18,
EquipmentNode #6,9,283.000,283.000,0,18.100,0,0,18,
EquipmentNode #6,10,301.100,301.100,0,0,3.000,0,18,
EquipmentNode #6,11,304.100,304.100,0,0,0,0.100,18,
EquipmentNode #6,12,304.200,304.200,2.000,0,0,0,19,
EquipmentNode #6,13,306.200,306.200,0,18.100,0,0,19,
EquipmentNode #6,14,324.300,324.300,0,0,3.000,0,19,
EquipmentNode #6,15,327.300,327.300,0,0,0,0.100,19,
EquipmentNode #6,16,327.400,327.400,2.000,0,0,0,20,
EquipmentNode #6,17,329.400,329.400,0,18.100,0,0,20,
EquipmentNode #6,18,347.500,347.500,0,0,3.000,0,20,
EquipmentNode #6,19,350.500,350.500,0,0,0,0.100,20,
EquipmentNode #6,20,350.600,350.600,2.000,0,0,0,21,
EquipmentNode #6,21,352.600,352.600,0,18.100,0,0,21,
EquipmentNode #6,22,370.700,370.700,0,0,3.000,0,21,
EquipmentNode #6,23,373.700,373.700,0,0,0,0.100,21,
EquipmentNode #6,24,373.800,373.800,2.000,0,0,0,22,
EquipmentNode #6,25,375.800,375.800,0,18.100,0,0,22,
EquipmentNode #6,26,393.900,393.900,0,0,3.000,0,22,
EquipmentNode #6,27,396.900,396.900,0,0,0,0.100,22,
EquipmentNode #6,28,397.000,397.000,2.000,0,0,0,23,
EquipmentNode #6,29,399.000,399.000,0,18.100,0,0,23,
EquipmentNode #6,30,417.100,417.100,0,0,3.000,0,23,
EquipmentNode #6,31,420.100,420.100,0,0,0,0.100,23,
EquipmentNode #6,32,420.200,420.200,2.000,0,0,0,24,
EquipmentNode #6,33,422.200,422.200,0,18.100,0,0,24,
EquipmentNode #6,34,440.300,440.300,0,0,3.000,0,24,
EquipmentNode #6,35,443.300,443.300,0,0,0,0.100,24,
EquipmentNode #6,36,443.400,443.400,2.000,0,0,0,25,
EquipmentNode #6,37,445.400,445.400,0,18.100,0,0,25,
EquipmentNode #6,38,463.500,463.500,0,0,3.000,0,25,
EquipmentNode #6,39,466.500,466.500,0,0,0,0.100,25,
EquipmentNode #6,40,466.600,466.600,2.000,0,0,0,26,
EquipmentNode #6,41,468.600,468.600,0,18.100,0,0,26,
EquipmentNode #6,42,486.700,486.700,0,0,3.000,0,26,
EquipmentNode #6,43,489.700,489.700,0,0,0,0.100,26,
EquipmentNode #6,44,489.800,489.800,2.000,0,0,0,27,
EquipmentNode #6,45,491.800,491.800,0,18.100,0,0,27,
EquipmentNode #6,46,509.900,509.900,0,0,3.000,0,27,
EquipmentNode #6,47,512.900,512.900,0,0,0,0.100,27,
EquipmentNode #6,48,513.000,513.000,2.000,0,0,0,28,
EquipmentNode #6,49,515.000,515.000,0,18.100,0,0,28,
EquipmentNode #6,50,533.100,533.100,0,0,3.000,0,28,
EquipmentNode #6,51,536.100,536.100,0,0,0,0.100,28,
EquipmentNode #6,52,536.200,536.200,2.000,0,0,0,29,
EquipmentNode #6,53,538.200,538.200,0,18.100,0,0,29,
EquipmentNode #6,54,556.300,556.300,0,0,3.000,0,29,
EquipmentNode #6,55,559.300,559.300,0,0,0,0.100,29,
EquipmentNode #6,56,559.400,559.400,2.000,0,0,0,30,
EquipmentNode #6,57,561.400,561.400,0,18.100,0,0,30,
EquipmentNode #6,58,579.500,579.500,0,0,3.000,0,30,
EquipmentNode #6,59,582.500,582.500,0,0,0,0.100,30,
EquipmentNode #6,60,582.600,582.600,2.000,0,0,0,31,
EquipmentNode #6,61,584.600,584.600,0,18.100,0,0,31,
EquipmentNode #6,62,602.700,602.700,0,0,3.000,0,31,
EquipmentNode #6,63,605.700,605.700,0,0,0,0.100,31,
EquipmentNode #6,64,605.800,605.800,2.000,0,0,0,32,
EquipmentNode #6,65,607.800,607.800,0,18.100,0,0,32,
EquipmentNode #6,66,625.900,625.900,0,0,3.000,0,32,
EquipmentNode #6,67,628.900,628.900,0,0,0,0.100,32,
EquipmentNode #6,68,629.000,629.000,2.000,0,0,0,33,
EquipmentNode #6,69,631.000,631.000,0,18.100,0,0,33,
EquipmentNode #6,70,649.100,649.100,0,0,3.000,0,33,
EquipmentNode #6,71,652.100,652.100,0,0,0,0.100,33,
EquipmentNode #6,72,652.200,652.200,2.000,0,0,0,34,
EquipmentNode #6,73,654.200,654.200,0,18.100,0,0,34,
EquipmentNode #6,74,672.300,672.300,0,0,3.000,0,34,
EquipmentNode #6,75,675.300,675.300,0,0,0,0.100,34,
EquipmentNode #6,76,675.400,675.400,2.000,0,0,0,35,
EquipmentNode #6,77,677.400,677.400,0,18.100,0,0,35,
EquipmentNode #6,78,695.500,695.500,0,0,3.000,0,35,
EquipmentNode #6,79,698.500,698.500,0,0,0,0.100,35,
EquipmentNode #6,80,698.600,698.600,2.000,0,0,0,36,
EquipmentNode #6,81,700.600,700.600,0,18.100,0,0,36,
EquipmentNode #6,82,718.700,718.700,0,0,3.000,0,36,
EquipmentNode #6,83,721.700,721.700,0,0,0,0.100,36,
EquipmentNode #6,84,721.800,721.800,2.000,0,0,0,37,
EquipmentNode #6,85,723.800,723.800,0,18.100,0,0,37,
EquipmentNode #6,86,741.900,741.900,0,0,3.000,0,37,
EquipmentNode #6,87,744.900,744.900,0,0,0,0.100,37,
EquipmentNode #6,88,745.000,745.000,2.000,0,0,0,38,
EquipmentNode #6,89,747.000,747.000,0,18.100,0,0,38,
EquipmentNode #6,90,765.100,765.100,0,0,3.000,0,38,
EquipmentNode #6,91,768.100,768.100,0,0,0,0.100,38,
EquipmentNode #6,92,768.200,768.200,2.000,0,0,0,39,
EquipmentNode #6,93,770.200,770.200,0,18.100,0,0,39,
EquipmentNode #6,94,788.300,788.300,0,0,3.000,0,39,
EquipmentNode #6,95,791.300,791.300,0,0,0,0.100,39,
EquipmentNode #6,96,791.400,791.400,2.000,0,0,0,40,
EquipmentNode #6,97,793.400,793.400,0,18.100,0,0,40,
EquipmentNode #6,98,811.500,811.500,0,0,3.000,0,40,
EquipmentNode #6,99,814.500,814.500,0,0,0,0.100,40,
EquipmentNode #6,100,814.600,814.600,2.000,0,0,0,41,
EquipmentNode #6,101,816.600,816.600,0,18.100,0,0,41,
EquipmentNode #6,102,834.700,834.700,0,0,3.000,0,41,
EquipmentNode #6,103,837.700,837.700,0,0,0,0.100,41,
EquipmentNode #6,104,837.800,837.800,2.000,0,0,0,42,
EquipmentNode #6,105,839.800,839.800,0,10.000,0,0,42,
Merge2 #32,1,249.800,249.800,0,3.900,0,0,15,
Merge2 #32,2,253.700,253.700,0,0,3.000,0,15,
Merge2 #32,3,256.700,256.700,0,0,0,0.100,,
Merge2 #32,4,256.800,256.800,2.000,0,0,0,16,
Merge2 #32,5,258.800,258.800,0,0,0,0.100,16,
Merge2 #32,6,258.900,258.900,2.000,0,0,0,16,
Merge2 #32,7,260.900,260.900,0,16.000,0,0,16,
Merge2 #32,8,276.900,276.900,0,0,3.000,0,16,
Merge2 #32,9,279.900,279.900,0,0,0,0.100,,
Merge2 #32,10,280.000,280.000,2.000,0,0,0,17,
Merge2 #32,11,282.000,282.000,0,0,0,0.100,17,
Merge2 #32,12,282.100,282.100,2.000,0,0,0,17,
Merge2 #32,13,284.100,284.100,0,16.000,0,0,17,
Merge2 #32,14,300.100,300.100,0,0,3.000,0,17,
Merge2 #32,15,303.100,303.100,0,0,0,0.100,,
Merge2 #32,16,303.200,303.200,2.000,0,0,0,18,
Merge2 #32,17,305.200,305.200,0,0,0,0.100,18,
Merge2 #32,18,305.300,305.300,2.000,0,0,0,18,
Merge2 #32,19,307.300,307.300,0,16.000,0,0,18,
Merge2 #32,20,323.300,323.300,0,0,3.000,0,18,
Merge2 #32,21,326.300,326.300,0,0,0,0.100,,
Merge2 #32,22,326.400,326.400,2.000,0,0,0,19,
Merge2 #32,23,328.400,328.400,0,0,0,0.100,19,
Merge2 #32,24,328.500,328.500,2.000,0,0,0,19,
Merge2 #32,25,330.500,330.500,0,16.000,0,0,19,
Merge2 #32,26,346.500,346.500,0,0,3.000,0,19,
Merge2 #32,27,349.500,349.500,0,0,0,0.100,,
Merge2 #32,28,349.600,349.600,2.000,0,0,0,20,
Merge2 #32,29,351.600,351.600,0,0,0,0.100,20,
Merge2 #32,30,351.700,351.700,2.000,0,0,0,20,
Merge2 #32,31,353.700,353.700,0,16.000,0,0,20,
Merge2 #32,32,369.700,369.700,0,0,3.000,0,20,
Merge2 #32,33,372.700,372.700,0,0,0,0.100,,
Merge2 #32,34,372.800,372.800,2.000,0,0,0,21,
Merge2 #32,35,374.800,374.800,0,0,0,0.100,21,
Merge2 #32,36,374.900,374.900,2.000,0,0,0,21,
Merge2 #32,37,376.900,376.900,0,16.000,0,0,21,
Merge2 #32,38,392.900,392.900,0,0,3.000,0,21,
Merge2 #32,39,395.900,395.900,0,0,0,0.100,,
Merge2 #32,40,396.000,396.000,2.000,0,0,0,22,
Merge2 #32,41,398.000,398.000,0,0,0,0.100,22,
Merge2 #32,42,398.100,398.100,2.000,0,0,0,22,
Merge2 #32,43,400.100,400.100,0,16.000,0,0,22,
Merge2 #32,44,416.100,416.100,0,0,3.000,0,22,
Merge2 #32,45,419.100,419.100,0,0,0,0.100,,
Merge2 #32,46,419.200,419.200,2.000,0,0,0,23,
Merge2 #32,47,421.200,421.200,0,0,0,0.100,23,
Merge2 #32,48,421.300,421.300,2.000,0,0,0,23,
Merge2 #32,49,423.300,423.300,0,16.000,0,0,23,
Merge2 #32,50,439.300,439.300,0,0,3.000,0,23,
Merge2 #32,51,442.300,442.300,0,0,0,0.100,,
Merge2 #32,52,442.400,442.400,2.000,0,0,0,24,
Merge2 #32,53,444.400,444.400,0,0,0,0.100,24,
Merge2 #32,54,444.500,444.500,2.000,0,0,0,24,
Merge2 #32,55,446.500,446.500,0,16.000,0,0,24,
Merge2 #32,56,462.500,462.500,0,0,3.000,0,24,
Merge2 #32,57,465.500,465.500,0,0,0,0.100,,
Merge2 #32,58,465.600,465.600,2.000,0,0,0,25,
Merge2 #32,59,467.600,467.600,0,0,0,0.100,25,
Merge2 #32,60,467.700,467.700,2.000,0,0,0,25,
Merge2 #32,61,469.700,469.700,0,16.000,0,0,25,
Merge2 #32,62,485.700,485.700,0,0,3.000,0,25,
Merge2 #32,63,488.700,488.700,0,0,0,0.100,,
Merge2 #32,64,488.800,488.800,2.000,0,0,0,26,
Merge2 #32,65,490.800,490.800,0,0,0,0.100,26,
Merge2 #32,66,490.900,490.900,2.000,0,0,0,26,
Merge2 #32,67,492.900,492.900,0,16.000,0,0,26,
Merge2 #32,68,508.900,508.900,0,0,3.000,0,26,
Merge2 #32,69,511.900,511.900,0,0,0,0.100,,
Merge2 #32,70,512.000,512.000,2.000,0,0,0,27,
Merge2 #32,71,514.000,514.000,0,0,0,0.100,27,
Merge2 #32,72,514.100,514.100,2.000,0,0,0,27,
Merge2 #32,73,516.100,516.100,0,16.000,0,0,27,
Merge2 #32,74,532.100,532.100,0,0,3.000,0,27,
Merge2 #32,75,535.100,535.100,0,0,0,0.100,,
Merge2 #32,76,535.200,535.200,2.000,0,0,0,28,
Merge2 #32,77,537.200,537.200,0,0,0,0.100,28,
Merge2 #32,78,537.300,537.300,2.000,0,0,0,28,
Merge2 #32,79,539.300,539.300,0,16.000,0,0,28,
Merge2 #32,80,555.300,555.300,0,0,3.000,0,28,
Merge2 #32,81,558.300,558.300,0,0,0,0.100,,
Merge2 #32,82,558.400,558.400,2.000,0,0,0,29,
Merge2 #32,83,560.400,560.400,0,0,0,0.100,29,
Merge2 #32,84,560.500,560.500,2.000,0,0,0,29,
Merge2 #32,85,562.500,562.500,0,16.000,0,0,29,
Merge2 #32,86,578.500,578.500,0,0,3.000,0,29,
Merge2 #32,87,581.500,581.500,0,0,0,0.100,,
Merge2 #32,88,581.600,581.600,2.000,0,0,0,30,
Merge2 #32,89,583.600,583.600,0,0,0,0.100,30,
Merge2 #32,90,583.700,583.700,2.000,0,0,0,30,
Merge2 #32,91,585.700,585.700,0,16.000,0,0,30,
Merge2 #32,92,601.700,601.700,0,0,3.000,0,30,
Merge2 #32,93,604.700,604.700,0,0,0,0.100,,
Merge2 #32,94,604.800,604.800,2.000,0,0,0,31,
Merge2 #32,95,606.800,606.800,0,0,0,0.100,31,
Merge2 #32,96,606.900,606.900,2.000,0,0,0,31,
Merge2 #32,97,608.900,608.900,0,16.000,0,0,31,
Merge2 #32,98,624.900,624.900,0,0,3.000,0,31,
Merge2 #32,99,627.900,627.900,0,0,0,0.100,,
Merge2 #32,100,628.000,628.000,2.000,0,0,0,32,
Merge2 #32,101,630.000,630.000,0,0,0,0.100,32,
Merge2 #32,102,630.100,630.100,2.000,0,0,0,32,
Merge2 #32,103,632.100,632.100,0,16.000,0,0,32,
Merge2 #32,104,648.100,648.100,0,0,3.000,0,32,
Merge2 #32,105,651.100,651.100,0,0,0,0.100,,
Merge2 #32,106,651.200,651.200,2.000,0,0,0,33,
Merge2 #32,107,653.200,653.200,0,0,0,0.100,33,
Merge2 #32,108,653.300,653.300,2.000,0,0,0,33,
Merge2 #32,109,655.300,655.300,0,16.000,0,0,33,
Merge2 #32,110,671.300,671.300,0,0,3.000,0,33,
Merge2 #32,111,674.300,674.300,0,0,0,0.100,,
Merge2 #32,112,674.400,674.400,2.000,0,0,0,34,
Merge2 #32,113,676.400,676.400,0,0,0,0.100,34,
Merge2 #32,114,676.500,676.500,2.000,0,0,0,34,
Merge2 #32,115,678.500,678.500,0,16.000,0,0,34,
Merge2 #32,116,694.500,694.500,0,0,3.000,0,34,
Merge2 #32,117,697.500,697.500,0,0,0,0.100,,
Merge2 #32,118,697.600,697.600,2.000,0,0,0,35,
Merge2 #32,119,699.600,699.600,0,0,0,0.100,35,
Merge2 #32,120,699.700,699.700,2.000,0,0,0,35,
Merge2 #32,121,701.700,701.700,0,16.000,0,0,35,
Merge2 #32,122,717.700,717.700,0,0,3.000,0,35,
Merge2 #32,123,720.700,720.700,0,0,0,0.100,,
Merge2 #32,124,720.800,720.800,2.000,0,0,0,36,
Merge2 #32,125,722.800,722.800,0,0,0,0.100,36,
Merge2 #32,126,722.900,722.900,2.000,0,0,0,36,
Merge2 #32,127,724.900,724.900,0,16.000,0,0,36,
Merge2 #32,128,740.900,740.900,0,0,3.000,0,36,
Merge2 #32,129,743.900,743.900,0,0,0,0.100,,
Merge2 #32,130,744.000,744.000,2.000,0,0,0,37,
Merge2 #32,131,746.000,746.000,0,0,0,0.100,37,
Merge2 #32,132,746.100,746.100,2.000,0,0,0,37,
Merge2 #32,133,748.100,748.100,0,16.000,0,0,37,
Merge2 #32,134,764.100,764.100,0,0,3.000,0,37,
Merge2 #32,135,767.100,767.100,0,0,0,0.100,,
Merge2 #32,136,767.200,767.200,2.000,0,0,0,38,
Merge2 #32,137,769.200,769.200,0,0,0,0.100,38,
Merge2 #32,138,769.300,769.300,2.000,0,0,0,38,
Merge2 #32,139,771.300,771.300,0,16.000,0,0,38,
Merge2 #32,140,787.300,787.300,0,0,3.000,0,38,
Merge2 #32,141,790.300,790.300,0,0,0,0.100,,
Merge2 #32,142,790.400,790.400,2.000,0,0,0,39,
Merge2 #32,143,792.400,792.400,0,0,0,0.100,39,
Merge2 #32,144,792.500,792.500,2.000,0,0,0,39,
Merge2 #32,145,794.500,794.500,0,16.000,0,0,39,
Merge2 #32,146,810.500,810.500,0,0,3.000,0,39,
Merge2 #32,147,813.500,813.500,0,0,0,0.100,,
Merge2 #32,148,813.600,813.600,2.000,0,0,0,40,
Merge2 #32,149,815.600,815.600,0,0,0,0.100,40,
Merge2 #32,150,815.700,815.700,2.000,0,0,0,40,
Merge2 #32,151,817.700,817.700,0,16.000,0,0,40,
Merge2 #32,152,833.700,833.700,0,0,3.000,0,40,
Merge2 #32,153,836.700,836.700,0,0,0,0.100,,
Merge2 #32,154,836.800,836.800,2.000,0,0,0,41,
Merge2 #32,155,838.800,838.800,0,0,0,0.100,41,
Merge2 #32,156,838.900,838.900,2.000,0,0,0,41,
Merge2 #32,157,840.900,840.900,0,8.900,0,0,41,
Merge2 #42,1,249.800,249.800,0,1.800,0,0,15,
Merge2 #42,2,251.600,251.600,0,0,3.000,0,15,
Merge2 #42,3,254.600,254.600,0,0,0,0.100,,
Merge2 #42,4,254.700,254.700,2.000,0,0,0,16,
Merge2 #42,5,256.700,256.700,0,0,0,0.100,16,
Merge2 #42,6,256.800,256.800,2.000,0,0,0,16,
Merge2 #42,7,258.800,258.800,0,16.000,0,0,16,
Merge2 #42,8,274.800,274.800,0,0,3.000,0,16,
Merge2 #42,9,277.800,277.800,0,0,0,0.100,,
Merge2 #42,10,277.900,277.900,2.000,0,0,0,17,
Merge2 #42,11,279.900,279.900,0,0,0,0.100,17,
Merge2 #42,12,280.000,280.000,2.000,0,0,0,17,
Merge2 #42,13,282.000,282.000,0,16.000,0,0,17,
Merge2 #42,14,298.000,298.000,0,0,3.000,0,17,
Merge2 #42,15,301.000,301.000,0,0,0,0.100,,
Merge2 #42,16,301.100,301.100,2.000,0,0,0,18,
Merge2 #42,17,303.100,303.100,0,0,0,0.100,18,
Merge2 #42,18,303.200,303.200,2.000,0,0,0,18,
Merge2 #42,19,305.200,305.200,0,16.000,0,0,18,
Merge2 #42,20,321.200,321.200,0,0,3.000,0,18,
Merge2 #42,21,324.200,324.200,0,0,0,0.100,,
Merge2 #42,22,324.300,324.300,2.000,0,0,0,19,
Merge2 #42,23,326.300,326.300,0,0,0,0.100,19,
Merge2 #42,24,326.400,326.400,2.000,0,0,0,19,
Merge2 #42,25,328.400,328.400,0,16.000,0,0,19,
Merge2 #42,26,344.400,344.400,0,0,3.000,0,19,
Merge2 #42,27,347.400,347.400,0,0,0,0.100,,
Merge2 #42,28,347.500,347.500,2.000,0,0,0,20,
Merge2 #42,29,349.500,349.500,0,0,0,0.100,20,
Merge2 #42,30,349.600,349.600,2.000,0,0,0,20,
Merge2 #42,31,351.600,351.600,0,16.000,0,0,20,
Merge2 #42,32,367.600,367.600,0,0,3.000,0,20,
Merge2 #42,33,370.600,370.600,0,0,0,0.100,,
Merge2 #42,34,370.700,370.700,2.000,0,0,0,21,
Merge2 #42,35,372.700,372.700,0,0,0,0.100,21,
Merge2 #42,36,372.800,372.800,2.000,0,0,0,21,
Merge2 #42,37,374.800,374.800,0,16.000,0,0,21,
Merge2 #42,38,390.800,390.800,0,0,3.000,0,21,
Merge2 #42,39,393.800,393.800,0,0,0,0.100,,
Merge2 #42,40,393.900,393.900,2.000,0,0,0,22,
Merge2 #42,41,395.900,395.900,0,0,0,0.100,22,
Merge2 #42,42,396.000,396.000,2.000,0,0,0,22,
Merge2 #42,43,398.000,398.000,0,16.000,0,0,22,
Merge2 #42,44,414.000,414.000,0,0,3.000,0,22,
Merge2 #42,45,417.000,417.000,0,0,0,0.100,,
Merge2 #42,46,417.100,417.100,2.000,0,0,0,23,
Merge2 #42,47,419.100,419.100,0,0,0,0.100,23,
Merge2 #42,48,419.200,419.200,2.000,0,0,0,23,
Merge2 #42,49,421.200,421.200,0,16.000,0,0,23,
Merge2 #42,50,437.200,437.200,0,0,3.000,0,23,
Merge2 #42,51,440.200,440.200,0,0,0,0.100,,
Merge2 #42,52,440.300,440.300,2.000,0,0,0,24,
Merge2 #42,53,442.300,442.300,0,0,0,0.100,24,
Merge2 #42,54,442.400,442.400,2.000,0,0,0,24,
Merge2 #42,55,444.400,444.400,0,16.000,0,0,24,
Merge2 #42,56,460.400,460.400,0,0,3.000,0,24,
Merge2 #42,57,463.400,463.400,0,0,0,0.100,,
Merge2 #42,58,463.500,463.500,2.000,0,0,0,25,
Merge2 #42,59,465.500,465.500,0,0,0,0.100,25,
Merge2 #42,60,465.600,465.600,2.000,0,0,0,25,
Merge2 #42,61,467.600,467.600,0,16.000,0,0,25,
Merge2 #42,62,483.600,483.600,0,0,3.000,0,25,
Merge2 #42,63,486.600,486.600,0,0,0,0.100,,
Merge2 #42,64,486.700,486.700,2.000,0,0,0,26,
Merge2 #42,65,488.700,488.700,0,0,0,0.100,26,
Merge2 #42,66,488.800,488.800,2.000,0,0,0,26,
Merge2 #42,67,490.800,490.800,0,16.000,0,0,26,
Merge2 #42,68,506.800,506.800,0,0,3.000,0,26,
Merge2 #42,69,509.800,509.800,0,0,0,0.100,,
Merge2 #42,70,509.900,509.900,2.000,0,0,0,27,
Merge2 #42,71,511.900,511.900,0,0,0,0.100,27,
Merge2 #42,72,512.000,512.000,2.000,0,0,0,27,
Merge2 #42,73,514.000,514.000,0,16.000,0,0,27,
Merge2 #42,74,530.000,530.000,0,0,3.000,0,27,
Merge2 #42,75,533.000,533.000,0,0,0,0.100,,
Merge2 #42,76,533.100,533.100,2.000,0,0,0,28,
Merge2 #42,77,535.100,535.100,0,0,0,0.100,28,
Merge2 #42,78,535.200,535.200,2.000,0,0,0,28,
Merge2 #42,79,537.200,537.200,0,16.000,0,0,28,
Merge2 #42,80,553.200,553.200,0,0,3.000,0,28,
Merge2 #42,81,556.200,556.200,0,0,0,0.100,,
Merge2 #42,82,556.300,556.300,2.000,0,0,0,29,
Merge2 #42,83,558.300,558.300,0,0,0,0.100,29,
Merge2 #42,84,558.400,558.400,2.000,0,0,0,29,
Merge2 #42,85,560.400,560.400,0,16.000,0,0,29,
Merge2 #42,86,576.400,576.400,0,0,3.000,0,29,
Merge2 #42,87,579.400,579.400,0,0,0,0.100,,
Merge2 #42,88,579.500,579.500,2.000,0,0,0,30,
Merge2 #42,89,581.500,581.500,0,0,0,0.100,30,
Merge2 #42,90,581.600,581.600,2.000,0,0,0,30,
Merge2 #42,91,583.600,583.600,0,16.000,0,0,30,
Merge2 #42,92,599.600,599.600,0,0,3.000,0,30,
Merge2 #42,93,602.600,602.600,0,0,0,0.100,,
Merge2 #42,94,602.700,602.700,2.000,0,0,0,31,
Merge2 #42,95,604.700,604.700,0,0,0,0.100,31,
Merge2 #42,96,604.800,604.800,2.000,0,0,0,31,
Merge2 #42,97,606.800,606.800,0,16.000,0,0,31,
Merge2 #42,98,622.800,622.800,0,0,3.000,0,31,
Merge2 #42,99,625.800,625.800,0,0,0,0.100,,
Merge2 #42,100,625.900,625.900,2.000,0,0,0,32,
Merge2 #42,101,627.900,627.900,0,0,0,0.100,32,
Merge2 #42,102,628.000,628.000,2.000,0,0,0,32,
Merge2 #42,103,630.000,630.000,0,16.000,0,0,32,
Merge2 #42,104,646.000,646.000,0,0,3.000,0,32,
Merge2 #42,105,649.000,649.000,0,0,0,0.100,,
Merge2 #42,106,649.100,649.100,2.000,0,0,0,33,
Merge2 #42,107,651.100,651.100,0,0,0,0.100,33,
Merge2 #42,108,651.200,651.200,2.000,0,0,0,33,
Merge2 #42,109,653.200,653.200,0,16.000,0,0,33,
Merge2 #42,110,669.200,669.200,0,0,3.000,0,33,
Merge2 #42,111,672.200,672.200,0,0,0,0.100,,
Merge2 #42,112,672.300,672.300,2.000,0,0,0,34,
Merge2 #42,113,674.300,674.300,0,0,0,0.100,34,
Merge2 #42,114,674.400,674.400,2.000,0,0,0,34,
Merge2 #42,115,676.400,676.400,0,16.000,0,0,34,
Merge2 #42,116,692.400,692.400,0,0,3.000,0,34,
Merge2 #42,117,695.400,695.400,0,0,0,0.100,,
Merge2 #42,118,695.500,695.500,2.000,0,0,0,35,
Merge2 #42,119,697.500,697.500,0,0,0,0.100,35,
Merge2 #42,120,697.600,697.600,2.000,0,0,0,35,
Merge2 #42,121,699.600,699.600,0,16.000,0,0,35,
Merge2 #42,122,715.600,715.600,0,0,3.000,0,35,
Merge2 #42,123,718.600,718.600,0,0,0,0.100,,
Merge2 #42,124,718.700,718.700,2.000,0,0,0,36,
Merge2 #42,125,720.700,720.700,0,0,0,0.100,36,
Merge2 #42,126,720.800,720.800,2.000,0,0,0,36,
Merge2 #42,127,722.800,722.800,0,16.000,0,0,36,
Merge2 #42,128,738.800,738.800,0,0,3.000,0,36,
Merge2 #42,129,741.800,741.800,0,0,0,0.100,,
Merge2 #42,130,741.900,741.900,2.000,0,0,0,37,
Merge2 #42,131,743.900,743.900,0,0,0,0.100,37,
Merge2 #42,132,744.000,744.000,2.000,0,0,0,37,
Merge2 #42,133,746.000,746.000,0,16.000,0,0,37,
Merge2 #42,134,762.000,762.000,0,0,3.000,0,37,
Merge2 #42,135,765.000,765.000,0,0,0,0.100,,
Merge2 #42,136,765.100,765.100,2.000,0,0,0,38,
Merge2 #42,137,767.100,767.100,0,0,0,0.100,38,
Merge2 #42,138,767.200,767.200,2.000,0,0,0,38,
Merge2 #42,139,769.200,769.200,0,16.000,0,0,38,
Merge2 #42,140,785.200,785.200,0,0,3.000,0,38,
Merge2 #42,141,788.200,788.200,0,0,0,0.100,,
Merge2 #42,142,788.300,788.300,2.000,0,0,0,39,
Merge2 #42,143,790.300,790.300,0,0,0,0.100,39,
Merge2 #42,144,790.400,790.400,2.000,0,0,0,39,
Merge2 #42,145,792.400,792.400,0,16.000,0,0,39,
Merge2 #42,146,808.400,808.400,0,0,3.000,0,39,
Merge2 #42,147,811.400,811.400,0,0,0,0.100,,
Merge2 #42,148,811.500,811.500,2.000,0,0,0,40,
Merge2 #42,149,813.500,813.500,0,0,0,0.100,40,
Merge2 #42,150,813.600,813.600,2.000,0,0,0,40,
Merge2 #42,151,815.600,815.600,0,16.000,0,0,40,
Merge2 #42,152,831.600,831.600,0,0,3.000,0,40,
Merge2 #42,153,834.600,834.600,0,0,0,0.100,,
Merge2 #42,154,834.700,834.700,2.000,0,0,0,41,
Merge2 #42,155,836.700,836.700,0,0,0,0.100,41,
Merge2 #42,156,836.800,836.800,2.000,0,0,0,41,
Merge2 #42,157,838.800,838.800,0,11.000,0,0,41,
EquipmentNode #34,1,249.800,249.800,0,0.800,0,0,14,
EquipmentNode #34,2,250.600,250.600,0,0,3.000,0,14,
EquipmentNode #34,3,253.600,253.600,0,0,0,0.100,14,
EquipmentNode #34,4,253.700,253.700,2.000,0,0,0,15,
EquipmentNode #34,5,255.700,255.700,0,18.100,0,0,15,
EquipmentNode #34,6,273.800,273.800,0,0,3.000,0,15,
EquipmentNode #34,7,276.800,276.800,0,0,0,0.100,15,
EquipmentNode #34,8,276.900,276.900,2.000,0,0,0,16,
EquipmentNode #34,9,278.900,278.900,0,18.100,0,0,16,
EquipmentNode #34,10,297.000,297.000,0,0,3.000,0,16,
EquipmentNode #34,11,300.000,300.000,0,0,0,0.100,16,
EquipmentNode #34,12,300.100,300.100,2.000,0,0,0,17,
EquipmentNode #34,13,302.100,302.100,0,18.100,0,0,17,
EquipmentNode #34,14,320.200,320.200,0,0,3.000,0,17,
EquipmentNode #34,15,323.200,323.200,0,0,0,0.100,17,
EquipmentNode #34,16,323.300,323.300,2.000,0,0,0,18,
EquipmentNode #34,17,325.300,325.300,0,18.100,0,0,18,
EquipmentNode #34,18,343.400,343.400,0,0,3.000,0,18,
EquipmentNode #34,19,346.400,346.400,0,0,0,0.100,18,
EquipmentNode #34,20,346.500,346.500,2.000,0,0,0,19,
EquipmentNode #34,21,348.500,348.500,0,18.100,0,0,19,
EquipmentNode #34,22,366.600,366.600,0,0,3.000,0,19,
EquipmentNode #34,23,369.600,369.600,0,0,0,0.100,19,
EquipmentNode #34,24,369.700,369.700,2.000,0,0,0,20,
EquipmentNode #34,25,371.700,371.700,0,18.100,0,0,20,
EquipmentNode #34,26,389.800,389.800,0,0,3.000,0,20,
EquipmentNode #34,27,392.800,392.800,0,0,0,0.100,20,
EquipmentNode #34,28,392.900,392.900,2.000,0,0,0,21,
EquipmentNode #34,29,394.900,394.900,0,18.100,0,0,21,
EquipmentNode #34,30,413.000,413.000,0,0,3.000,0,21,
EquipmentNode #34,31,416.000,416.000,0,0,0,0.100,21,
EquipmentNode #34,32,416.100,416.100,2.000,0,0,0,22,
EquipmentNode #34,33,418.100,418.100,0,18.100,0,0,22,
EquipmentNode #34,34,436.200,436.200,0,0,3.000,0,22,
EquipmentNode #34,35,439.200,439.200,0,0,0,0.100,22,
EquipmentNode #34,36,439.300,439.300,2.000,0,0,0,23,
EquipmentNode #34,37,441.300,441.300,0,18.100,0,0,23,
EquipmentNode #34,38,459.400,459.400,0,0,3.000,0,23,
EquipmentNode #34,39,462.400,462.400,0,0,0,0.100,23,
EquipmentNode #34,40,462.500,462.500,2.000,0,0,0,24,
EquipmentNode #34,41,464.500,464.500,0,18.100,0,0,24,
EquipmentNode #34,42,482.600,482.600,0,0,3.000,0,24,
EquipmentNode #34,43,485.600,485.600,0,0,0,0.100,24,
EquipmentNode #34,44,485.700,485.700,2.000,0,0,0,25,
EquipmentNode #34,45,487.700,487.700,0,18.100,0,0,25,
EquipmentNode #34,46,505.800,505.800,0,0,3.000,0,25,
EquipmentNode #34,47,508.800,508.800,0,0,0,0.100,25,
EquipmentNode #34,48,508.900,508.900,2.000,0,0,0,26,
EquipmentNode #34,49,510.900,510.900,0,18.100,0,0,26,
EquipmentNode #34,50,529.000,529.000,0,0,3.000,0,26,
EquipmentNode #34,51,532.000,532.000,0,0,0,0.100,26,
EquipmentNode #34,52,532.100,532.100,2.000,0,0,0,27,
EquipmentNode #34,53,534.100,534.100,0,18.100,0,0,27,
EquipmentNode #34,54,552.200,552.200,0,0,3.000,0,27,
EquipmentNode #34,55,555.200,555.200,0,0,0,0.100,27,
EquipmentNode #34,56,555.300,555.300,2.000,0,0,0,28,
EquipmentNode #34,57,557.300,557.300,0,18.100,0,0,28,
EquipmentNode #34,58,575.400,575.400,0,0,3.000,0,28,
EquipmentNode #34,59,578.400,578.400,0,0,0,0.100,28,
EquipmentNode #34,60,578.500,578.500,2.000,0,0,0,29,
EquipmentNode #34,61,580.500,580.500,0,18.100,0,0,29,
EquipmentNode #34,62,598.600,598.600,0,0,3.000,0,29,
EquipmentNode #34,63,601.600,601.600,0,0,0,0.100,29,
EquipmentNode #34,64,601.700,601.700,2.000,0,0,0,30,
EquipmentNode #34,65,603.700,603.700,0,18.100,0,0,30,
EquipmentNode #34,66,621.800,621.800,0,0,3.000,0,30,
EquipmentNode #34,67,624.800,624.800,0,0,0,0.100,30,
EquipmentNode #34,68,624.900,624.900,2.000,0,0,0,31,
EquipmentNode #34,69,626.900,626.900,0,18.100,0,0,31,
EquipmentNode #34,70,645.000,645.000,0,0,3.000,0,31,
EquipmentNode #34,71,648.000,648.000,0,0,0,0.100,31,
EquipmentNode #34,72,648.100,648.100,2.000,0,0,0,32,
EquipmentNode #34,73,650.100,650.100,0,18.100,0,0,32,
EquipmentNode #34,74,668.200,668.200,0,0,3.000,0,32,
EquipmentNode #34,75,671.200,671.200,0,0,0,0.100,32,
EquipmentNode #34,76,671.300,671.300,2.000,0,0,0,33,
EquipmentNode #34,77,673.300,673.300,0,18.100,0,0,33,
EquipmentNode #34,78,691.400,691.400,0,0,3.000,0,33,
EquipmentNode #34,79,694.400,694.400,0,0,0,0.100,33,
EquipmentNode #34,80,694.500,694.500,2.000,0,0,0,34,
EquipmentNode #34,81,696.500,696.500,0,18.100,0,0,34,
EquipmentNode #34,82,714.600,714.600,0,0,3.000,0,34,
EquipmentNode #34,83,717.600,717.600,0,0,0,0.100,34,
EquipmentNode #34,84,717.700,717.700,2.000,0,0,0,35,
EquipmentNode #34,85,719.700,719.700,0,18.100,0,0,35,
EquipmentNode #34,86,737.800,737.800,0,0,3.000,0,35,
EquipmentNode #34,87,740.800,740.800,0,0,0,0.100,35,
EquipmentNode #34,88,740.900,740.900,2.000,0,0,0,36,
EquipmentNode #34,89,742.900,742.900,0,18.100,0,0,36,
EquipmentNode #34,90,761.000,761.000,0,0,3.000,0,36,
EquipmentNode #34,91,764.000,764.000,0,0,0,0.100,36,
EquipmentNode #34,92,764.100,764.100,2.000,0,0,0,37,
EquipmentNode #34,93,766.100,766.100,0,18.100,0,0,37,
EquipmentNode #34,94,784.200,784.200,0,0,3.000,0,37,
EquipmentNode #34,95,787.200,787.200,0,0,0,0.100,37,
EquipmentNode #34,96,787.300,787.300,2.000,0,0,0,38,
EquipmentNode #34,97,789.300,789.300,0,18.100,0,0,38,
EquipmentNode #34,98,807.400,807.400,0,0,3.000,0,38,
EquipmentNode #34,99,810.400,810.400,0,0,0,0.100,38,
EquipmentNode #34,100,810.500,810.500,2.000,0,0,0,39,
EquipmentNode #34,101,812.500,812.500,0,18.100,0,0,39,
EquipmentNode #34,102,830.600,830.600,0,0,3.000,0,39,
EquipmentNode #34,103,833.600,833.600,0,0,0,0.100,39,
EquipmentNode #34,104,833.700,833.700,2.000,0,0,0,40,
EquipmentNode #34,105,835.700,835.700,0,14.100,0,0,40,
EquipmentNode #8,1,249.800,249.800,0,0,1.700,0,14,
EquipmentNode #8,2,251.500,251.500,0,0,0,0.100,14,
EquipmentNode #8,3,251.600,251.600,2.000,0,0,0,15,
EquipmentNode #8,4,253.600,253.600,0,18.100,0,0,15,
EquipmentNode #8,5,271.700,271.700,0,0,3.000,0,15,
EquipmentNode #8,6,274.700,274.700,0,0,0,0.100,15,
EquipmentNode #8,7,274.800,274.800,2.000,0,0,0,16,
EquipmentNode #8,8,276.800,276.800,0,18.100,0,0,16,
EquipmentNode #8,9,294.900,294.900,0,0,3.000,0,16,
EquipmentNode #8,10,297.900,297.900,0,0,0,0.100,16,
EquipmentNode #8,11,298.000,298.000,2.000,0,0,0,17,
EquipmentNode #8,12,300.000,300.000,0,18.100,0,0,17,
EquipmentNode #8,13,318.100,318.100,0,0,3.000,0,17,
EquipmentNode #8,14,321.100,321.100,0,0,0,0.100,17,
EquipmentNode #8,15,321.200,321.200,2.000,0,0,0,18,
EquipmentNode #8,16,323.200,323.200,0,18.100,0,0,18,
EquipmentNode #8,17,341.300,341.300,0,0,3.000,0,18,
EquipmentNode #8,18,344.300,344.300,0,0,0,0.100,18,
EquipmentNode #8,19,344.400,344.400,2.000,0,0,0,19,
EquipmentNode #8,20,346.400,346.400,0,18.100,0,0,19,
EquipmentNode #8,21,364.500,364.500,0,0,3.000,0,19,
EquipmentNode #8,22,367.500,367.500,0,0,0,0.100,19,
EquipmentNode #8,23,367.600,367.600,2.000,0,0,0,20,
EquipmentNode #8,24,369.600,369.600,0,18.100,0,0,20,
EquipmentNode #8,25,387.700,387.700,0,0,3.000,0,20,
EquipmentNode #8,26,390.700,390.700,0,0,0,0.100,20,
EquipmentNode #8,27,390.800,390.800,2.000,0,0,0,21,
EquipmentNode #8,28,392.800,392.800,0,18.100,0,0,21,
EquipmentNode #8,29,410.900,410.900,0,0,3.000,0,21,
EquipmentNode #8,30,413.900,413.900,0,0,0,0.100,21,
EquipmentNode #8,31,414.000,414.000,2.000,0,0,0,22,
EquipmentNode #8,32,416.000,416.000,0,18.100,0,0,22,
EquipmentNode #8,33,434.100,434.100,0,0,3.000,0,22,
EquipmentNode #8,34,437.100,437.100,0,0,0,0.100,22,
EquipmentNode #8,35,437.200,437.200,2.000,0,0,0,23,
EquipmentNode #8,36,439.200,439.200,0,18.100,0,0,23,
EquipmentNode #8,37,457.300,457.300,0,0,3.000,0,23,
EquipmentNode #8,38,460.300,460.300,0,0,0,0.100,23,
EquipmentNode #8,39,460.400,460.400,2.000,0,0,0,24,
EquipmentNode #8,40,462.400,462.400,0,18.100,0,0,24,
EquipmentNode #8,41,480.500,480.500,0,0,3.000,0,24,
EquipmentNode #8,42,483.500,483.500,0,0,0,0.100,24,
EquipmentNode #8,43,483.600,483.600,2.000,0,0,0,25,
EquipmentNode #8,44,485.600,485.600,0,18.100,0,0,25,
EquipmentNode #8,45,503.700,503.700,0,0,3.000,0,25,
EquipmentNode #8,46,506.700,506.700,0,0,0,0.100,25,
EquipmentNode #8,47,506.800,506.800,2.000,0,0,0,26,
EquipmentNode #8,48,508.800,508.800,0,18.100,0,0,26,
EquipmentNode #8,49,526.900,526.900,0,0,3.000,0,26,
EquipmentNode #8,50,529.900,529.900,0,0,0,0.100,26,
EquipmentNode #8,51,530.000,530.000,2.000,0,0,0,27,
EquipmentNode #8,52,532.000,532.000,0,18.100,0,0,27,
EquipmentNode #8,53,550.100,550.100,0,0,3.000,0,27,
EquipmentNode #8,54,553.100,553.100,0,0,0,0.100,27,
EquipmentNode #8,55,553.200,553.200,2.000,0,0,0,28,
EquipmentNode #8,56,555.200,555.200,0,18.100,0,0,28,
EquipmentNode #8,57,573.300,573.300,0,0,3.000,0,28,
EquipmentNode #8,58,576.300,576.300,0,0,0,0.100,28,
EquipmentNode #8,59,576.400,576.400,2.000,0,0,0,29,
EquipmentNode #8,60,578.400,578.400,0,18.100,0,0,29,
EquipmentNode #8,61,596.500,596.500,0,0,3.000,0,29,
EquipmentNode #8,62,599.500,599.500,0,0,0,0.100,29,
EquipmentNode #8,63,599.600,599.600,2.000,0,0,0,30,
EquipmentNode #8,64,601.600,601.600,0,18.100,0,0,30,
EquipmentNode #8,65,619.700,619.700,0,0,3.000,0,30,
EquipmentNode #8,66,622.700,622.700,0,0,0,0.100,30,
EquipmentNode #8,67,622.800,622.800,2.000,0,0,0,31,
EquipmentNode #8,68,624.800,624.800,0,18.100,0,0,31,
EquipmentNode #8,69,642.900,642.900,0,0,3.000,0,31,
EquipmentNode #8,70,645.900,645.900,0,0,0,0.100,31,
EquipmentNode #8,71,646.000,646.000,2.000,0,0,0,32,
EquipmentNode #8,72,648.000,648.000,0,18.100,0,0,32,
EquipmentNode #8,73,666.100,666.100,0,0,3.000,0,32,
EquipmentNode #8,74,669.100,669.100,0,0,0,0.100,32,
EquipmentNode #8,75,669.200,669.200,2.000,0,0,0,33,
EquipmentNode #8,76,671.200,671.200,0,18.100,0,0,33,
EquipmentNode #8,77,689.300,689.300,0,0,3.000,0,33,
EquipmentNode #8,78,692.300,692.300,0,0,0,0.100,33,
EquipmentNode #8,79,692.400,692.400,2.000,0,0,0,34,
EquipmentNode #8,80,694.400,694.400,0,18.100,0,0,34,
EquipmentNode #8,81,712.500,712.500,0,0,3.000,0,34,
EquipmentNode #8,82,715.500,715.500,0,0,0,0.100,34,
EquipmentNode #8,83,715.600,715.600,2.000,0,0,0,35,
EquipmentNode #8,84,717.600,717.600,0,18.100,0,0,35,
EquipmentNode #8,85,735.700,735.700,0,0,3.000,0,35,
EquipmentNode #8,86,738.700,738.700,0,0,0,0.100,35,
EquipmentNode #8,87,738.800,738.800,2.000,0,0,0,36,
EquipmentNode #8,88,740.800,740.800,0,18.100,0,0,36,
EquipmentNode #8,89,758.900,758.900,0,0,3.000,0,36,
EquipmentNode #8,90,761.900,761.900,0,0,0,0.100,36,
EquipmentNode #8,91,762.000,762.000,2.000,0,0,0,37,
EquipmentNode #8,92,764.000,764.000,0,18.100,0,0,37,
EquipmentNode #8,93,782.100,782.100,0,0,3.000,0,37,
EquipmentNode #8,94,785.100,785.100,0,0,0,0.100,37,
EquipmentNode #8,95,785.200,785.200,2.000,0,0,0,38,
EquipmentNode #8,96,787.200,787.200,0,18.100,0,0,38,
EquipmentNode #8,97,805.300,805.300,0,0,3.000,0,38,
EquipmentNode #8,98,808.300,808.300,0,0,0,0.100,38,
EquipmentNode #8,99,808.400,808.400,2.000,0,0,0,39,
EquipmentNode #8,100,810.400,810.400,0,18.100,0,0,39,
EquipmentNode #8,101,828.500,828.500,0,0,3.000,0,39,
EquipmentNode #8,102,831.500,831.500,0,0,0,0.100,39,
EquipmentNode #8,103,831.600,831.600,2.000,0,0,0,40,
EquipmentNode #8,104,833.600,833.600,0,16.200,0,0,40,
EquipmentNode #33,1,249.800,249.800,0,0,0.700,0,13,
EquipmentNode #33,2,250.500,250.500,0,0,0,0.100,13,
EquipmentNode #33,3,250.600,250.600,2.000,0,0,0,14,
EquipmentNode #33,4,252.600,252.600,0,18.100,0,0,14,
EquipmentNode #33,5,270.700,270.700,0,0,3.000,0,14,
EquipmentNode #33,6,273.700,273.700,0,0,0,0.100,14,
EquipmentNode #33,7,273.800,273.800,2.000,0,0,0,15,
EquipmentNode #33,8,275.800,275.800,0,18.100,0,0,15,
EquipmentNode #33,9,293.900,293.900,0,0,3.000,0,15,
EquipmentNode #33,10,296.900,296.900,0,0,0,0.100,15,
EquipmentNode #33,11,297.000,297.000,2.000,0,0,0,16,
EquipmentNode #33,12,299.000,299.000,0,18.100,0,0,16,
EquipmentNode #33,13,317.100,317.100,0,0,3.000,0,16,
EquipmentNode #33,14,320.100,320.100,0,0,0,0.100,16,
EquipmentNode #33,15,320.200,320.200,2.000,0,0,0,17,
EquipmentNode #33,16,322.200,322.200,0,18.100,0,0,17,
EquipmentNode #33,17,340.300,340.300,0,0,3.000,0,17,
EquipmentNode #33,18,343.300,343.300,0,0,0,0.100,17,
EquipmentNode #33,19,343.400,343.400,2.000,0,0,0,18,
EquipmentNode #33,20,345.400,345.400,0,18.100,0,0,18,
EquipmentNode #33,21,363.500,363.500,0,0,3.000,0,18,
EquipmentNode #33,22,366.500,366.500,0,0,0,0.100,18,
EquipmentNode #33,23,366.600,366.600,2.000,0,0,0,19,
EquipmentNode #33,24,368.600,368.600,0,18.100,0,0,19,
EquipmentNode #33,25,386.700,386.700,0,0,3.000,0,19,
EquipmentNode #33,26,389.700,389.700,0,0,0,0.100,19,
EquipmentNode #33,27,389.800,389.800,2.000,0,0,0,20,
EquipmentNode #33,28,391.800,391.800,0,18.100,0,0,20,
EquipmentNode #33,29,409.900,409.900,0,0,3.000,0,20,
EquipmentNode #33,30,412.900,412.900,0,0,0,0.100,20,
EquipmentNode #33,31,413.000,413.000,2.000,0,0,0,21,
EquipmentNode #33,32,415.000,415.000,0,18.100,0,0,21,
EquipmentNode #33,33,433.100,433.100,0,0,3.000,0,21,
EquipmentNode #33,34,436.100,436.100,0,0,0,0.100,21,
EquipmentNode #33,35,436.200,436.200,2.000,0,0,0,22,
EquipmentNode #33,36,438.200,438.200,0,18.100,0,0,22,
EquipmentNode #33,37,456.300,456.300,0,0,3.000,0,22,
EquipmentNode #33,38,459.300,459.300,0,0,0,0.100,22,
EquipmentNode #33,39,459.400,459.400,2.000,0,0,0,23,
EquipmentNode #33,40,461.400,461.400,0,18.100,0,0,23,
EquipmentNode #33,41,479.500,479.500,0,0,3.000,0,23,
EquipmentNode #33,42,482.500,482.500,0,0,0,0.100,23,
EquipmentNode #33,43,482.600,482.600,2.000,0,0,0,24,
EquipmentNode #33,44,484.600,484.600,0,18.100,0,0,24,
EquipmentNode #33,45,502.700,502.700,0,0,3.000,0,24,
EquipmentNode #33,46,505.700,505.700,0,0,0,0.100,24,
EquipmentNode #33,47,505.800,505.800,2.000,0,0,0,25,
EquipmentNode #33,48,507.800,507.800,0,18.100,0,0,25,
EquipmentNode #33,49,525.900,525.900,0,0,3.000,0,25,
EquipmentNode #33,50,528.900,528.900,0,0,0,0.100,25,
EquipmentNode #33,51,529.000,529.000,2.000,0,0,0,26,
EquipmentNode #33,52,531.000,531.000,0,18.100,0,0,26,
EquipmentNode #33,53,549.100,549.100,0,0,3.000,0,26,
EquipmentNode #33,54,552.100,552.100,0,0,0,0.100,26,
EquipmentNode #33,55,552.200,552.200,2.000,0,0,0,27,
EquipmentNode #33,56,554.200,554.200,0,18.100,0,0,27,
EquipmentNode #33,57,572.300,572.300,0,0,3.000,0,27,
EquipmentNode #33,58,575.300,575.300,0,0,0,0.100,27,
EquipmentNode #33,59,575.400,575.400,2.000,0,0,0,28,
EquipmentNode #33,60,577.400,577.400,0,18.100,0,0,28,
EquipmentNode #33,61,595.500,595.500,0,0,3.000,0,28,
EquipmentNode #33,62,598.500,598.500,0,0,0,0.100,28,
EquipmentNode #33,63,598.600,598.600,2.000,0,0,0,29,
EquipmentNode #33,64,600.600,600.600,0,18.100,0,0,29,
EquipmentNode #33,65,618.700,618.700,0,0,3.000,0,29,
EquipmentNode #33,66,621.700,621.700,0,0,0,0.100,29,
EquipmentNode #33,67,621.800,621.800,2.000,0,0,0,30,
EquipmentNode #33,68,623.800,623.800,0,18.100,0,0,30,
EquipmentNode #33,69,641.900,641.900,0,0,3.000,0,30,
EquipmentNode #33,70,644.900,644.900,0,0,0,0.100,30,
EquipmentNode #33,71,645.000,645.000,2.000,0,0,0,31,
EquipmentNode #33,72,647.000,647.000,0,18.100,0,0,31,
EquipmentNode #33,73,665.100,665.100,0,0,3.000,0,31,
EquipmentNode #33,74,668.100,668.100,0,0,0,0.100,31,
EquipmentNode #33,75,668.200,668.200,2.000,0,0,0,32,
EquipmentNode #33,76,670.200,670.200,0,18.100,0,0,32,
EquipmentNode #33,77,688.300,688.300,0,0,3.000,0,32,
EquipmentNode #33,78,691.300,691.300,0,0,0,0.100,32,
EquipmentNode #33,79,691.400,691.400,2.000,0,0,0,33,
EquipmentNode #33,80,693.400,693.400,0,18.100,0,0,33,
EquipmentNode #33,81,711.500,711.500,0,0,3.000,0,33,
EquipmentNode #33,82,714.500,714.500,0,0,0,0.100,33,
EquipmentNode #33,83,714.600,714.600,2.000,0,0,0,34,
EquipmentNode #33,84,716.600,716.600,0,18.100,0,0,34,
EquipmentNode #33,85,734.700,734.700,0,0,3.000,0,34,
EquipmentNode #33,86,737.700,737.700,0,0,0,0.100,34,
EquipmentNode #33,87,737.800,737.800,2.000,0,0,0,35,
EquipmentNode #33,88,739.800,739.800,0,18.100,0,0,35,
EquipmentNode #33,89,757.900,757.900,0,0,3.000,0,35,
EquipmentNode #33,90,760.900,760.900,0,0,0,0.100,35,
EquipmentNode #33,91,761.000,761.000,2.000,0,0,0,36,
EquipmentNode #33,92,763.000,763.000,0,18.100,0,0,36,
EquipmentNode #33,93,781.100,781.100,0,0,3.000,0,36,
EquipmentNode #33,94,784.100,784.100,0,0,0,0.100,36,
EquipmentNode #33,95,784.200,784.200,2.000,0,0,0,37,
EquipmentNode #33,96,786.200,786.200,0,18.100,0,0,37,
EquipmentNode #33,97,804.300,804.300,0,0,3.000,0,37,
EquipmentNode #33,98,807.300,807.300,0,0,0,0.100,37,
EquipmentNode #33,99,807.400,807.400,2.000,0,0,0,38,
EquipmentNode #33,100,809.400,809.400,0,18.100,0,0,38,
EquipmentNode #33,101,827.500,827.500,0,0,3.000,0,38,
EquipmentNode #33,102,830.500,830.500,0,0,0,0.100,38,
EquipmentNode #33,103,830.600,830.600,2.000,0,0,0,39,
EquipmentNode #33,104,832.600,832.600,0,17.200,0,0,39,
EquipmentNode #9,1,249.800,249.800,0.700,0,0,0,14,
EquipmentNode #9,2,250.500,250.500,0,18.100,0,0,14,
EquipmentNode #9,3,268.600,268.600,0,0,3.000,0,14,
EquipmentNode #9,4,271.600,271.600,0,0,0,0.100,14,
EquipmentNode #9,5,271.700,271.700,2.000,0,0,0,15,
EquipmentNode #9,6,273.700,273.700,0,18.100,0,0,15,
EquipmentNode #9,7,291.800,291.800,0,0,3.000,0,15,
EquipmentNode #9,8,294.800,294.800,0,0,0,0.100,15,
EquipmentNode #9,9,294.900,294.900,2.000,0,0,0,16,
EquipmentNode #9,10,296.900,296.900,0,18.100,0,0,16,
EquipmentNode #9,11,315.000,315.000,0,0,3.000,0,16,
EquipmentNode #9,12,318.000,318.000,0,0,0,0.100,16,
EquipmentNode #9,13,318.100,318.100,2.000,0,0,0,17,
EquipmentNode #9,14,320.100,320.100,0,18.100,0,0,17,
EquipmentNode #9,15,338.200,338.200,0,0,3.000,0,17,
EquipmentNode #9,16,341.200,341.200,0,0,0,0.100,17,
EquipmentNode #9,17,341.300,341.300,2.000,0,0,0,18,
EquipmentNode #9,18,343.300,343.300,0,18.100,0,0,18,
EquipmentNode #9,19,361.400,361.400,0,0,3.000,0,18,
EquipmentNode #9,20,364.400,364.400,0,0,0,0.100,18,
EquipmentNode #9,21,364.500,364.500,2.000,0,0,0,19,
EquipmentNode #9,22,366.500,366.500,0,18.100,0,0,19,
EquipmentNode #9,23,384.600,384.600,0,0,3.000,0,19,
EquipmentNode #9,24,387.600,387.600,0,0,0,0.100,19,
EquipmentNode #9,25,387.700,387.700,2.000,0,0,0,20,
EquipmentNode #9,26,389.700,389.700,0,18.100,0,0,20,
EquipmentNode #9,27,407.800,407.800,0,0,3.000,0,20,
EquipmentNode #9,28,410.800,410.800,0,0,0,0.100,20,
EquipmentNode #9,29,410.900,410.900,2.000,0,0,0,21,
EquipmentNode #9,30,412.900,412.900,0,18.100,0,0,21,
EquipmentNode #9,31,431.000,431.000,0,0,3.000,0,21,
EquipmentNode #9,32,434.000,434.000,0,0,0,0.100,21,
EquipmentNode #9,33,434.100,434.100,2.000,0,0,0,22,
EquipmentNode #9,34,436.100,436.100,0,18.100,0,0,22,
EquipmentNode #9,35,454.200,454.200,0,0,3.000,0,22,
EquipmentNode #9,36,457.200,457.200,0,0,0,0.100,22,
EquipmentNode #9,37,457.300,457.300,2.000,0,0,0,23,
EquipmentNode #9,38,459.300,459.300,0,18.100,0,0,23,
EquipmentNode #9,39,477.400,477.400,0,0,3.000,0,23,
EquipmentNode #9,40,480.400,480.400,0,0,0,0.100,23,
EquipmentNode #9,41,480.500,480.500,2.000,0,0,0,24,
EquipmentNode #9,42,482.500,482.500,0,18.100,0,0,24,
EquipmentNode #9,43,500.600,500.600,0,0,3.000,0,24,
EquipmentNode #9,44,503.600,503.600,0,0,0,0.100,24,
EquipmentNode #9,45,503.700,503.700,2.000,0,0,0,25,
EquipmentNode #9,46,505.700,505.700,0,18.100,0,0,25,
EquipmentNode #9,47,523.800,523.800,0,0,3.000,0,25,
EquipmentNode #9,48,526.800,526.800,0,0,0,0.100,25,
EquipmentNode #9,49,526.900,526.900,2.000,0,0,0,26,
EquipmentNode #9,50,528.900,528.900,0,18.100,0,0,26,
EquipmentNode #9,51,547.000,547.000,0,0,3.000,0,26,
EquipmentNode #9,52,550.000,550.000,0,0,0,0.100,26,
EquipmentNode #9,53,550.100,550.100,2.000,0,0,0,27,
EquipmentNode #9,54,552.100,552.100,0,18.100,0,0,27,
EquipmentNode #9,55,570.200,570.200,0,0,3.000,0,27,
EquipmentNode #9,56,573.200,573.200,0,0,0,0.100,27,
EquipmentNode #9,57,573.300,573.300,2.000,0,0,0,28,
EquipmentNode #9,58,575.300,575.300,0,18.100,0,0,28,
EquipmentNode #9,59,593.400,593.400,0,0,3.000,0,28,
EquipmentNode #9,60,596.400,596.400,0,0,0,0.100,28,
EquipmentNode #9,61,596.500,596.500,2.000,0,0,0,29,
EquipmentNode #9,62,598.500,598.500,0,18.100,0,0,29,
EquipmentNode #9,63,616.600,616.600,0,0,3.000,0,29,
EquipmentNode #9,64,619.600,619.600,0,0,0,0.100,29,
EquipmentNode #9,65,619.700,619.700,2.000,0,0,0,30,
EquipmentNode #9,66,621.700,621.700,0,18.100,0,0,30,
EquipmentNode #9,67,639.800,639.800,0,0,3.000,0,30,
EquipmentNode #9,68,642.800,642.800,0,0,0,0.100,30,
EquipmentNode #9,69,642.900,642.900,2.000,0,0,0,31,
EquipmentNode #9,70,644.900,644.900,0,18.100,0,0,31,
EquipmentNode #9,71,663.000,663.000,0,0,3.000,0,31,
EquipmentNode #9,72,666.000,666.000,0,0,0,0.100,31,
EquipmentNode #9,73,666.100,666.100,2.000,0,0,0,32,
EquipmentNode #9,74,668.100,668.100,0,18.100,0,0,32,
EquipmentNode #9,75,686.200,686.200,0,0,3.000,0,32,
EquipmentNode #9,76,689.200,689.200,0,0,0,0.100,32,
EquipmentNode #9,77,689.300,689.300,2.000,0,0,0,33,
EquipmentNode #9,78,691.300,691.300,0,18.100,0,0,33,
EquipmentNode #9,79,709.400,709.400,0,0,3.000,0,33,
EquipmentNode #9,80,712.400,712.400,0,0,0,0.100,33,
EquipmentNode #9,81,712.500,712.500,2.000,0,0,0,34,
EquipmentNode #9,82,714.500,714.500,0,18.100,0,0,34,
EquipmentNode #9,83,732.600,732.600,0,0,3.000,0,34,
EquipmentNode #9,84,735.600,735.600,0,0,0,0.100,34,
EquipmentNode #9,85,735.700,735.700,2.000,0,0,0,35,
EquipmentNode #9,86,737.700,737.700,0,18.100,0,0,35,
EquipmentNode #9,87,755.800,755.800,0,0,3.000,0,35,
EquipmentNode #9,88,758.800,758.800,0,0,0,0.100,35,
EquipmentNode #9,89,758.900,758.900,2.000,0,0,0,36,
EquipmentNode #9,90,760.900,760.900,0,18.100,0,0,36,
EquipmentNode #9,91,779.000,779.000,0,0,3.000,0,36,
EquipmentNode #9,92,782.000,782.000,0,0,0,0.100,36,
EquipmentNode #9,93,782.100,782.100,2.000,0,0,0,37,
EquipmentNode #9,94,784.100,784.100,0,18.100,0,0,37,
EquipmentNode #9,95,802.200,802.200,0,0,3.000,0,37,
EquipmentNode #9,96,805.200,805.200,0,0,0,0.100,37,
EquipmentNode #9,97,805.300,805.300,2.000,0,0,0,38,
EquipmentNode #9,98,807.300,807.300,0,18.100,0,0,38,
EquipmentNode #9,99,825.400,825.400,0,0,3.000,0,38,
EquipmentNode #9,100,828.400,828.400,0,0,0,0.100,38,
EquipmentNode #9,101,828.500,828.500,2.000,0,0,0,39,
EquipmentNode #9,102,830.500,830.500,0,18.100,0,0,39,
EquipmentNode #9,103,848.600,848.600,0,0,1.200,0,39,
EquipmentNode #35,1,249.800,249.800,0,17.800,0,0,13,
EquipmentNode #35,2,267.600,267.600,0,0,3.000,0,13,
EquipmentNode #35,3,270.600,270.600,0,0,0,0.100,13,
EquipmentNode #35,4,270.700,270.700,2.000,0,0,0,14,
EquipmentNode #35,5,272.700,272.700,0,18.100,0,0,14,
EquipmentNode #35,6,290.800,290.800,0,0,3.000,0,14,
EquipmentNode #35,7,293.800,293.800,0,0,0,0.100,14,
EquipmentNode #35,8,293.900,293.900,2.000,0,0,0,15,
EquipmentNode #35,9,295.900,295.900,0,18.100,0,0,15,
EquipmentNode #35,10,314.000,314.000,0,0,3.000,0,15,
EquipmentNode #35,11,317.000,317.000,0,0,0,0.100,15,
EquipmentNode #35,12,317.100,317.100,2.000,0,0,0,16,
EquipmentNode #35,13,319.100,319.100,0,18.100,0,0,16,
EquipmentNode #35,14,337.200,337.200,0,0,3.000,0,16,
EquipmentNode #35,15,340.200,340.200,0,0,0,0.100,16,
EquipmentNode #35,16,340.300,340.300,2.000,0,0,0,17,
EquipmentNode #35,17,342.300,342.300,0,18.100,0,0,17,
EquipmentNode #35,18,360.400,360.400,0,0,3.000,0,17,
EquipmentNode #35,19,363.400,363.400,0,0,0,0.100,17,
EquipmentNode #35,20,363.500,363.500,2.000,0,0,0,18,
EquipmentNode #35,21,365.500,365.500,0,18.100,0,0,18,
EquipmentNode #35,22,383.600,383.600,0,0,3.000,0,18,
EquipmentNode #35,23,386.600,386.600,0,0,0,0.100,18,
EquipmentNode #35,24,386.700,386.700,2.000,0,0,0,19,
EquipmentNode #35,25,388.700,388.700,0,18.100,0,0,19,
EquipmentNode #35,26,406.800,406.800,0,0,3.000,0,19,
EquipmentNode #35,27,409.800,409.800,0,0,0,0.100,19,
EquipmentNode #35,28,409.900,409.900,2.000,0,0,0,20,
EquipmentNode #35,29,411.900,411.900,0,18.100,0,0,20,
EquipmentNode #35,30,430.000,430.000,0,0,3.000,0,20,
EquipmentNode #35,31,433.000,433.000,0,0,0,0.100,20,
EquipmentNode #35,32,433.100,433.100,2.000,0,0,0,21,
EquipmentNode #35,33,435.100,435.100,0,18.100,0,0,21,
EquipmentNode #35,34,453.200,453.200,0,0,3.000,0,21,
EquipmentNode #35,35,456.200,456.200,0,0,0,0.100,21,
EquipmentNode #35,36,456.300,456.300,2.000,0,0,0,22,
EquipmentNode #35,37,458.300,458.300,0,18.100,0,0,22,
EquipmentNode #35,38,476.400,476.400,0,0,3.000,0,22,
EquipmentNode #35,39,479.400,479.400,0,0,0,0.100,22,
EquipmentNode #35,40,479.500,479.500,2.000,0,0,0,23,
EquipmentNode #35,41,481.500,481.500,0,18.100,0,0,23,
EquipmentNode #35,42,499.600,499.600,0,0,3.000,0,23,
EquipmentNode #35,43,502.600,502.600,0,0,0,0.100,23,
EquipmentNode #35,44,502.700,502.700,2.000,0,0,0,24,
EquipmentNode #35,45,504.700,504.700,0,18.100,0,0,24,
EquipmentNode #35,46,522.800,522.800,0,0,3.000,0,24,
EquipmentNode #35,47,525.800,525.800,0,0,0,0.100,24,
EquipmentNode #35,48,525.900,525.900,2.000,0,0,0,25,
EquipmentNode #35,49,527.900,527.900,0,18.100,0,0,25,
EquipmentNode #35,50,546.000,546.000,0,0,3.000,0,25,
EquipmentNode #35,51,549.000,549.000,0,0,0,0.100,25,
EquipmentNode #35,52,549.100,549.100,2.000,0,0,0,26,
EquipmentNode #35,53,551.100,551.100,0,18.100,0,0,26,
EquipmentNode #35,54,569.200,569.200,0,0,3.000,0,26,
EquipmentNode #35,55,572.200,572.200,0,0,0,0.100,26,
EquipmentNode #35,56,572.300,572.300,2.000,0,0,0,27,
EquipmentNode #35,57,574.300,574.300,0,18.100,0,0,27,
EquipmentNode #35,58,592.400,592.400,0,0,3.000,0,27,
EquipmentNode #35,59,595.400,595.400,0,0,0,0.100,27,
EquipmentNode #35,60,595.500,595.500,2.000,0,0,0,28,
EquipmentNode #35,61,597.500,597.500,0,18.100,0,0,28,
EquipmentNode #35,62,615.600,615.600,0,0,3.000,0,28,
EquipmentNode #35,63,618.600,618.600,0,0,0,0.100,28,
EquipmentNode #35,64,618.700,618.700,2.000,0,0,0,29,
EquipmentNode #35,65,620.700,620.700,0,18.100,0,0,29,
EquipmentNode #35,66,638.800,638.800,0,0,3.000,0,29,
EquipmentNode #35,67,641.800,641.800,0,0,0,0.100,29,
EquipmentNode #35,68,641.900,641.900,2.000,0,0,0,30,
EquipmentNode #35,69,643.900,643.900,0,18.100,0,0,30,
EquipmentNode #35,70,662.000,662.000,0,0,3.000,0,30,
EquipmentNode #35,71,665.000,665.000,0,0,0,0.100,30,
EquipmentNode #35,72,665.100,665.100,2.000,0,0,0,31,
EquipmentNode #35,73,667.100,667.100,0,18.100,0,0,31,
EquipmentNode #35,74,685.200,685.200,0,0,3.000,0,31,
EquipmentNode #35,75,688.200,688.200,0,0,0,0.100,31,
EquipmentNode #35,76,688.300,688.300,2.000,0,0,0,32,
EquipmentNode #35,77,690.300,690.300,0,18.100,0,0,32,
EquipmentNode #35,78,708.400,708.400,0,0,3.000,0,32,
EquipmentNode #35,79,711.400,711.400,0,0,0,0.100,32,
EquipmentNode #35,80,711.500,711.500,2.000,0,0,0,33,
EquipmentNode #35,81,713.500,713.500,0,18.100,0,0,33,
EquipmentNode #35,82,731.600,731.600,0,0,3.000,0,33,
EquipmentNode #35,83,734.600,734.600,0,0,0,0.100,33,
EquipmentNode #35,84,734.700,734.700,2.000,0,0,0,34,
EquipmentNode #35,85,736.700,736.700,0,18.100,0,0,34,
EquipmentNode #35,86,754.800,754.800,0,0,3.000,0,34,
EquipmentNode #35,87,757.800,757.800,0,0,0,0.100,34,
EquipmentNode #35,88,757.900,757.900,2.000,0,0,0,35,
EquipmentNode #35,89,759.900,759.900,0,18.100,0,0,35,
EquipmentNode #35,90,778.000,778.000,0,0,3.000,0,35,
EquipmentNode #35,91,781.000,781.000,0,0,0,0.100,35,
EquipmentNode #35,92,781.100,781.100,2.000,0,0,0,36,
EquipmentNode #35,93,783.100,783.100,0,18.100,0,0,36,
EquipmentNode #35,94,801.200,801.200,0,0,3.000,0,36,
EquipmentNode #35,95,804.200,804.200,0,0,0,0.100,36,
EquipmentNode #35,96,804.300,804.300,2.000,0,0,0,37,
EquipmentNode #35,97,806.300,806.300,0,18.100,0,0,37,
EquipmentNode #35,98,824.400,824.400,0,0,3.000,0,37,
EquipmentNode #35,99,827.400,827.400,0,0,0,0.100,37,
EquipmentNode #35,100,827.500,827.500,2.000,0,0,0,38,
EquipmentNode #35,101,829.500,829.500,0,18.100,0,0,38,
EquipmentNode #35,102,847.600,847.600,0,0,2.200,0,38,
EquipmentNode #10,1,249.800,249.800,0,15.700,0,0,13,
EquipmentNode #10,2,265.500,265.500,0,0,3.000,0,13,
EquipmentNode #10,3,268.500,268.500,0,0,0,0.100,13,
EquipmentNode #10,4,268.600,268.600,2.000,0,0,0,14,
EquipmentNode #10,5,270.600,270.600,0,18.100,0,0,14,
EquipmentNode #10,6,288.700,288.700,0,0,3.000,0,14,
EquipmentNode #10,7,291.700,291.700,0,0,0,0.100,14,
EquipmentNode #10,8,291.800,291.800,2.000,0,0,0,15,
EquipmentNode #10,9,293.800,293.800,0,18.100,0,0,15,
EquipmentNode #10,10,311.900,311.900,0,0,3.000,0,15,
EquipmentNode #10,11,314.900,314.900,0,0,0,0.100,15,
EquipmentNode #10,12,315.000,315.000,2.000,0,0,0,16,
EquipmentNode #10,13,317.000,317.000,0,18.100,0,0,16,
EquipmentNode #10,14,335.100,335.100,0,0,3.000,0,16,
EquipmentNode #10,15,338.100,338.100,0,0,0,0.100,16,
EquipmentNode #10,16,338.200,338.200,2.000,0,0,0,17,
EquipmentNode #10,17,340.200,340.200,0,18.100,0,0,17,
EquipmentNode #10,18,358.300,358.300,0,0,3.000,0,17,
EquipmentNode #10,19,361.300,361.300,0,0,0,0.100,17,
EquipmentNode #10,20,361.400,361.400,2.000,0,0,0,18,
EquipmentNode #10,21,363.400,363.400,0,18.100,0,0,18,
EquipmentNode #10,22,381.500,381.500,0,0,3.000,0,18,
EquipmentNode #10,23,384.500,384.500,0,0,0,0.100,18,
EquipmentNode #10,24,384.600,384.600,2.000,0,0,0,19,
EquipmentNode #10,25,386.600,386.600,0,18.100,0,0,19,
EquipmentNode #10,26,404.700,404.700,0,0,3.000,0,19,
EquipmentNode #10,27,407.700,407.700,0,0,0,0.100,19,
EquipmentNode #10,28,407.800,407.800,2.000,0,0,0,20,
EquipmentNode #10,29,409.800,409.800,0,18.100,0,0,20,
EquipmentNode #10,30,427.900,427.900,0,0,3.000,0,20,
EquipmentNode #10,31,430.900,430.900,0,0,0,0.100,20,
EquipmentNode #10,32,431.000,431.000,2.000,0,0,0,21,
EquipmentNode #10,33,433.000,433.000,0,18.100,0,0,21,
EquipmentNode #10,34,451.100,451.100,0,0,3.000,0,21,
EquipmentNode #10,35,454.100,454.100,0,0,0,0.100,21,
EquipmentNode #10,36,454.200,454.200,2.000,0,0,0,22,
EquipmentNode #10,37,456.200,456.200,0,18.100,0,0,22,
EquipmentNode #10,38,474.300,474.300,0,0,3.000,0,22,
EquipmentNode #10,39,477.300,477.300,0,0,0,0.100,22,
EquipmentNode #10,40,477.400,477.400,2.000,0,0,0,23,
EquipmentNode #10,41,479.400,479.400,0,18.100,0,0,23,
EquipmentNode #10,42,497.500,497.500,0,0,3.000,0,23,
EquipmentNode #10,43,500.500,500.500,0,0,0,0.100,23,
EquipmentNode #10,44,500.600,500.600,2.000,0,0,0,24,
EquipmentNode #10,45,502.600,502.600,0,18.100,0,0,24,
EquipmentNode #10,46,520.700,520.700,0,0,3.000,0,24,
EquipmentNode #10,47,523.700,523.700,0,0,0,0.100,24,
EquipmentNode #10,48,523.800,523.800,2.000,0,0,0,25,
EquipmentNode #10,49,525.800,525.800,0,18.100,0,0,25,
EquipmentNode #10,50,543.900,543.900,0,0,3.000,0,25,
EquipmentNode #10,51,546.900,546.900,0,0,0,0.100,25,
EquipmentNode #10,52,547.000,547.000,2.000,0,0,0,26,
EquipmentNode #10,53,549.000,549.000,0,18.100,0,0,26,
EquipmentNode #10,54,567.100,567.100,0,0,3.000,0,26,
EquipmentNode #10,55,570.100,570.100,0,0,0,0.100,26,
EquipmentNode #10,56,570.200,570.200,2.000,0,0,0,27,
EquipmentNode #10,57,572.200,572.200,0,18.100,0,0,27,
EquipmentNode #10,58,590.300,590.300,0,0,3.000,0,27,
EquipmentNode #10,59,593.300,593.300,0,0,0,0.100,27,
EquipmentNode #10,60,593.400,593.400,2.000,0,0,0,28,
EquipmentNode #10,61,595.400,595.400,0,18.100,0,0,28,
EquipmentNode #10,62,613.500,613.500,0,0,3.000,0,28,
EquipmentNode #10,63,616.500,616.500,0,0,0,0.100,28,
EquipmentNode #10,64,616.600,616.600,2.000,0,0,0,29,
EquipmentNode #10,65,618.600,618.600,0,18.100,0,0,29,
EquipmentNode #10,66,636.700,636.700,0,0,3.000,0,29,
EquipmentNode #10,67,639.700,639.700,0,0,0,0.100,29,
EquipmentNode #10,68,639.800,639.800,2.000,0,0,0,30,
EquipmentNode #10,69,641.800,641.800,0,18.100,0,0,30,
EquipmentNode #10,70,659.900,659.900,0,0,3.000,0,30,
EquipmentNode #10,71,662.900,662.900,0,0,0,0.100,30,
EquipmentNode #10,72,663.000,663.000,2.000,0,0,0,31,
EquipmentNode #10,73,665.000,665.000,0,18.100,0,0,31,
EquipmentNode #10,74,683.100,683.100,0,0,3.000,0,31,
EquipmentNode #10,75,686.100,686.100,0,0,0,0.100,31,
EquipmentNode #10,76,686.200,686.200,2.000,0,0,0,32,
EquipmentNode #10,77,688.200,688.200,0,18.100,0,0,32,
EquipmentNode #10,78,706.300,706.300,0,0,3.000,0,32,
EquipmentNode #10,79,709.300,709.300,0,0,0,0.100,32,
EquipmentNode #10,80,709.400,709.400,2.000,0,0,0,33,
EquipmentNode #10,81,711.400,711.400,0,18.100,0,0,33,
EquipmentNode #10,82,729.500,729.500,0,0,3.000,0,33,
EquipmentNode #10,83,732.500,732.500,0,0,0,0.100,33,
EquipmentNode #10,84,732.600,732.600,2.000,0,0,0,34,
EquipmentNode #10,85,734.600,734.600,0,18.100,0,0,34,
EquipmentNode #10,86,752.700,752.700,0,0,3.000,0,34,
EquipmentNode #10,87,755.700,755.700,0,0,0,0.100,34,
EquipmentNode #10,88,755.800,755.800,2.000,0,0,0,35,
EquipmentNode #10,89,757.800,757.800,0,18.100,0,0,35,
EquipmentNode #10,90,775.900,775.900,0,0,3.000,0,35,
EquipmentNode #10,91,778.900,778.900,0,0,0,0.100,35,
EquipmentNode #10,92,779.000,779.000,2.000,0,0,0,36,
EquipmentNode #10,93,781.000,781.000,0,18.100,0,0,36,
EquipmentNode #10,94,799.100,799.100,0,0,3.000,0,36,
EquipmentNode #10,95,802.100,802.100,0,0,0,0.100,36,
EquipmentNode #10,96,802.200,802.200,2.000,0,0,0,37,
EquipmentNode #10,97,804.200,804.200,0,18.100,0,0,37,
EquipmentNode #10,98,822.300,822.300,0,0,3.000,0,37,
EquipmentNode #10,99,825.300,825.300,0,0,0,0.100,37,
EquipmentNode #10,100,825.400,825.400,2.000,0,0,0,38,
EquipmentNode #10,101,827.400,827.400,0,18.100,0,0,38,
EquipmentNode #10,102,845.500,845.500,0,0,3.000,0,38,
EquipmentNode #10,103,848.500,848.500,0,0,0,0.100,38,
EquipmentNode #10,104,848.600,848.600,1.200,0,0,0,39,
Merge2 #36,1,249.800,249.800,0,12.600,0,0,12,
Merge2 #36,2,262.400,262.400,0,0,3.000,0,12,
Merge2 #36,3,265.400,265.400,0,0,0,0.100,,
Merge2 #36,4,265.500,265.500,2.000,0,0,0,13,
Merge2 #36,5,267.500,267.500,0,0,0,0.100,13,
Merge2 #36,6,267.600,267.600,2.000,0,0,0,13,
Merge2 #36,7,269.600,269.600,0,16.000,0,0,13,
Merge2 #36,8,285.600,285.600,0,0,3.000,0,13,
Merge2 #36,9,288.600,288.600,0,0,0,0.100,,
Merge2 #36,10,288.700,288.700,2.000,0,0,0,14,
Merge2 #36,11,290.700,290.700,0,0,0,0.100,14,
Merge2 #36,12,290.800,290.800,2.000,0,0,0,14,
Merge2 #36,13,292.800,292.800,0,16.000,0,0,14,
Merge2 #36,14,308.800,308.800,0,0,3.000,0,14,
Merge2 #36,15,311.800,311.800,0,0,0,0.100,,
Merge2 #36,16,311.900,311.900,2.000,0,0,0,15,
Merge2 #36,17,313.900,313.900,0,0,0,0.100,15,
Merge2 #36,18,314.000,314.000,2.000,0,0,0,15,
Merge2 #36,19,316.000,316.000,0,16.000,0,0,15,
Merge2 #36,20,332.000,332.000,0,0,3.000,0,15,
Merge2 #36,21,335.000,335.000,0,0,0,0.100,,
Merge2 #36,22,335.100,335.100,2.000,0,0,0,16,
Merge2 #36,23,337.100,337.100,0,0,0,0.100,16,
Merge2 #36,24,337.200,337.200,2.000,0,0,0,16,
Merge2 #36,25,339.200,339.200,0,16.000,0,0,16,
Merge2 #36,26,355.200,355.200,0,0,3.000,0,16,
Merge2 #36,27,358.200,358.200,0,0,0,0.100,,
Merge2 #36,28,358.300,358.300,2.000,0,0,0,17,
Merge2 #36,29,360.300,360.300,0,0,0,0.100,17,
Merge2 #36,30,360.400,360.400,2.000,0,0,0,17,
Merge2 #36,31,362.400,362.400,0,16.000,0,0,17,
Merge2 #36,32,378.400,378.400,0,0,3.000,0,17,
Merge2 #36,33,381.400,381.400,0,0,0,0.100,,
Merge2 #36,34,381.500,381.500,2.000,0,0,0,18,
Merge2 #36,35,383.500,383.500,0,0,0,0.100,18,
Merge2 #36,36,383.600,383.600,2.000,0,0,0,18,
Merge2 #36,37,385.600,385.600,0,16.000,0,0,18,
Merge2 #36,38,401.600,401.600,0,0,3.000,0,18,
Merge2 #36,39,404.600,404.600,0,0,0,0.100,,
Merge2 #36,40,404.700,404.700,2.000,0,0,0,19,
Merge2 #36,41,406.700,406.700,0,0,0,0.100,19,
Merge2 #36,42,406.800,406.800,2.000,0,0,0,19,
Merge2 #36,43,408.800,408.800,0,16.000,0,0,19,
Merge2 #36,44,424.800,424.800,0,0,3.000,0,19,
Merge2 #36,45,427.800,427.800,0,0,0,0.100,,
Merge2 #36,46,427.900,427.900,2.000,0,0,0,20,
Merge2 #36,47,429.900,429.900,0,0,0,0.100,20,
Merge2 #36,48,430.000,430.000,2.000,0,0,0,20,
Merge2 #36,49,432.000,432.000,0,16.000,0,0,20,
Merge2 #36,50,448.000,448.000,0,0,3.000,0,20,
Merge2 #36,51,451.000,451.000,0,0,0,0.100,,
Merge2 #36,52,451.100,451.100,2.000,0,0,0,21,
Merge2 #36,53,453.100,453.100,0,0,0,0.100,21,
Merge2 #36,54,453.200,453.200,2.000,0,0,0,21,
Merge2 #36,55,455.200,455.200,0,16.000,0,0,21,
Merge2 #36,56,471.200,471.200,0,0,3.000,0,21,
Merge2 #36,57,474.200,474.200,0,0,0,0.100,,
Merge2 #36,58,474.300,474.300,2.000,0,0,0,22,
Merge2 #36,59,476.300,476.300,0,0,0,0.100,22,
Merge2 #36,60,476.400,476.400,2.000,0,0,0,22,
Merge2 #36,61,478.400,478.400,0,16.000,0,0,22,
Merge2 #36,62,494.400,494.400,0,0,3.000,0,22,
Merge2 #36,63,497.400,497.400,0,0,0,0.100,,
Merge2 #36,64,497.500,497.500,2.000,0,0,0,23,
Merge2 #36,65,499.500,499.500,0,0,0,0.100,23,
Merge2 #36,66,499.600,499.600,2.000,0,0,0,23,
Merge2 #36,67,501.600,501.600,0,16.000,0,0,23,
Merge2 #36,68,517.600,517.600,0,0,3.000,0,23,
Merge2 #36,69,520.600,520.600,0,0,0,0.100,,
Merge2 #36,70,520.700,520.700,2.000,0,0,0,24,
Merge2 #36,71,522.700,522.700,0,0,0,0.100,24,
Merge2 #36,72,522.800,522.800,2.000,0,0,0,24,
Merge2 #36,73,524.800,524.800,0,16.000,0,0,24,
Merge2 #36,74,540.800,540.800,0,0,3.000,0,24,
Merge2 #36,75,543.800,543.800,0,0,0,0.100,,
Merge2 #36,76,543.900,543.900,2.000,0,0,0,25,
Merge2 #36,77,545.900,545.900,0,0,0,0.100,25,
Merge2 #36,78,546.000,546.000,2.000,0,0,0,25,
Merge2 #36,79,548.000,548.000,0,16.000,0,0,25,
Merge2 #36,80,564.000,564.000,0,0,3.000,0,25,
Merge2 #36,81,567.000,567.000,0,0,0,0.100,,
Merge2 #36,82,567.100,567.100,2.000,0,0,0,26,
Merge2 #36,83,569.100,569.100,0,0,0,0.100,26,
Merge2 #36,84,569.200,569.200,2.000,0,0,0,26,
Merge2 #36,85,571.200,571.200,0,16.000,0,0,26,
Merge2 #36,86,587.200,587.200,0,0,3.000,0,26,
Merge2 #36,87,590.200,590.200,0,0,0,0.100,,
Merge2 #36,88,590.300,590.300,2.000,0,0,0,27,
Merge2 #36,89,592.300,592.300,0,0,0,0.100,27,
Merge2 #36,90,592.400,592.400,2.000,0,0,0,27,
Merge2 #36,91,594.400,594.400,0,16.000,0,0,27,
Merge2 #36,92,610.400,610.400,0,0,3.000,0,27,
Merge2 #36,93,613.400,613.400,0,0,0,0.100,,
Merge2 #36,94,613.500,613.500,2.000,0,0,0,28,
Merge2 #36,95,615.500,615.500,0,0,0,0.100,28,
Merge2 #36,96,615.600,615.600,2.000,0,0,0,28,
Merge2 #36,97,617.600,617.600,0,16.000,0,0,28,
Merge2 #36,98,633.600,633.600,0,0,3.000,0,28,
Merge2 #36,99,636.600,636.600,0,0,0,0.100,,
Merge2 #36,100,636.700,636.700,2.000,0,0,0,29,
Merge2 #36,101,638.700,638.700,0,0,0,0.100,29,
Merge2 #36,102,638.800,638.800,2.000,0,0,0,29,
Merge2 #36,103,640.800,640.800,0,16.000,0,0,29,
Merge2 #36,104,656.800,656.800,0,0,3.000,0,29,
Merge2 #36,105,659.800,659.800,0,0,0,0.100,,
Merge2 #36,106,659.900,659.900,2.000,0,0,0,30,
Merge2 #36,107,661.900,661.900,0,0,0,0.100,30,
Merge2 #36,108,662.000,662.000,2.000,0,0,0,30,
Merge2 #36,109,664.000,664.000,0,16.000,0,0,30,
Merge2 #36,110,680.000,680.000,0,0,3.000,0,30,
Merge2 #36,111,683.000,683.000,0,0,0,0.100,,
Merge2 #36,112,683.100,683.100,2.000,0,0,0,31,
Merge2 #36,113,685.100,685.100,0,0,0,0.100,31,
Merge2 #36,114,685.200,685.200,2.000,0,0,0,31,
Merge2 #36,115,687.200,687.200,0,16.000,0,0,31,
Merge2 #36,116,703.200,703.200,0,0,3.000,0,31,
Merge2 #36,117,706.200,706.200,0,0,0,0.100,,
Merge2 #36,118,706.300,706.300,2.000,0,0,0,32,
Merge2 #36,119,708.300,708.300,0,0,0,0.100,32,
Merge2 #36,120,708.400,708.400,2.000,0,0,0,32,
Merge2 #36,121,710.400,710.400,0,16.000,0,0,32,
Merge2 #36,122,726.400,726.400,0,0,3.000,0,32,
Merge2 #36,123,729.400,729.400,0,0,0,0.100,,
Merge2 #36,124,729.500,729.500,2.000,0,0,0,33,
Merge2 #36,125,731.500,731.500,0,0,0,0.100,33,
Merge2 #36,126,731.600,731.600,2.000,0,0,0,33,
Merge2 #36,127,733.600,733.600,0,16.000,0,0,33,
Merge2 #36,128,749.600,749.600,0,0,3.000,0,33,
Merge2 #36,129,752.600,752.600,0,0,0,0.100,,
Merge2 #36,130,752.700,752.700,2.000,0,0,0,34,
Merge2 #36,131,754.700,754.700,0,0,0,0.100,34,
Merge2 #36,132,754.800,754.800,2.000,0,0,0,34,
Merge2 #36,133,756.800,756.800,0,16.000,0,0,34,
Merge2 #36,134,772.800,772.800,0,0,3.000,0,34,
Merge2 #36,135,775.800,775.800,0,0,0,0.100,,
Merge2 #36,136,775.900,775.900,2.000,0,0,0,35,
Merge2 #36,137,777.900,777.900,0,0,0,0.100,35,
Merge2 #36,138,778.000,778.000,2.000,0,0,0,35,
Merge2 #36,139,780.000,780.000,0,16.000,0,0,35,
Merge2 #36,140,796.000,796.000,0,0,3.000,0,35,
Merge2 #36,141,799.000,799.000,0,0,0,0.100,,
Merge2 #36,142,799.100,799.100,2.000,0,0,0,36,
Merge2 #36,143,801.100,801.100,0,0,0,0.100,36,
Merge2 #36,144,801.200,801.200,2.000,0,0,0,36,
Merge2 #36,145,803.200,803.200,0,16.000,0,0,36,
Merge2 #36,146,819.200,819.200,0,0,3.000,0,36,
Merge2 #36,147,822.200,822.200,0,0,0,0.100,,
Merge2 #36,148,822.300,822.300,2.000,0,0,0,37,
Merge2 #36,149,824.300,824.300,0,0,0,0.100,37,
Merge2 #36,150,824.400,824.400,2.000,0,0,0,37,
Merge2 #36,151,826.400,826.400,0,16.000,0,0,37,
Merge2 #36,152,842.400,842.400,0,0,3.000,0,37,
Merge2 #36,153,845.400,845.400,0,0,0,0.100,,
Merge2 #36,154,845.500,845.500,2.000,0,0,0,38,
Merge2 #36,155,847.500,847.500,0,0,0,0.100,38,
Merge2 #36,156,847.600,847.600,2.000,0,0,0,38,
Merge2 #36,157,849.600,849.600,0,0.200,0,0,38,
EquipmentNode #39,1,249.800,249.800,0,9.500,0,0,11,
EquipmentNode #39,2,259.300,259.300,0,0,3.000,0,11,
EquipmentNode #39,3,262.300,262.300,0,0,0,0.100,11,
EquipmentNode #39,4,262.400,262.400,2.000,0,0,0,12,
EquipmentNode #39,5,264.400,264.400,0,18.100,0,0,12,
EquipmentNode #39,6,282.500,282.500,0,0,3.000,0,12,
EquipmentNode #39,7,285.500,285.500,0,0,0,0.100,12,
EquipmentNode #39,8,285.600,285.600,2.000,0,0,0,13,
EquipmentNode #39,9,287.600,287.600,0,18.100,0,0,13,
EquipmentNode #39,10,305.700,305.700,0,0,3.000,0,13,
EquipmentNode #39,11,308.700,308.700,0,0,0,0.100,13,
EquipmentNode #39,12,308.800,308.800,2.000,0,0,0,14,
EquipmentNode #39,13,310.800,310.800,0,18.100,0,0,14,
EquipmentNode #39,14,328.900,328.900,0,0,3.000,0,14,
EquipmentNode #39,15,331.900,331.900,0,0,0,0.100,14,
EquipmentNode #39,16,332.000,332.000,2.000,0,0,0,15,
EquipmentNode #39,17,334.000,334.000,0,18.100,0,0,15,
EquipmentNode #39,18,352.100,352.100,0,0,3.000,0,15,
EquipmentNode #39,19,355.100,355.100,0,0,0,0.100,15,
EquipmentNode #39,20,355.200,355.200,2.000,0,0,0,16,
EquipmentNode #39,21,357.200,357.200,0,18.100,0,0,16,
EquipmentNode #39,22,375.300,375.300,0,0,3.000,0,16,
EquipmentNode #39,23,378.300,378.300,0,0,0,0.100,16,
EquipmentNode #39,24,378.400,378.400,2.000,0,0,0,17,
EquipmentNode #39,25,380.400,380.400,0,18.100,0,0,17,
EquipmentNode #39,26,398.500,398.500,0,0,3.000,0,17,
EquipmentNode #39,27,401.500,401.500,0,0,0,0.100,17,
EquipmentNode #39,28,401.600,401.600,2.000,0,0,0,18,
EquipmentNode #39,29,403.600,403.600,0,18.100,0,0,18,
EquipmentNode #39,30,421.700,421.700,0,0,3.000,0,18,
EquipmentNode #39,31,424.700,424.700,0,0,0,0.100,18,
EquipmentNode #39,32,424.800,424.800,2.000,0,0,0,19,
EquipmentNode #39,33,426.800,426.800,0,18.100,0,0,19,
EquipmentNode #39,34,444.900,444.900,0,0,3.000,0,19,
EquipmentNode #39,35,447.900,447.900,0,0,0,0.100,19,
EquipmentNode #39,36,448.000,448.000,2.000,0,0,0,20,
EquipmentNode #39,37,450.000,450.000,0,18.100,0,0,20,
EquipmentNode #39,38,468.100,468.100,0,0,3.000,0,20,
EquipmentNode #39,39,471.100,471.100,0,0,0,0.100,20,
EquipmentNode #39,40,471.200,471.200,2.000,0,0,0,21,
EquipmentNode #39,41,473.200,473.200,0,18.100,0,0,21,
EquipmentNode #39,42,491.300,491.300,0,0,3.000,0,21,
EquipmentNode #39,43,494.300,494.300,0,0,0,0.100,21,
EquipmentNode #39,44,494.400,494.400,2.000,0,0,0,22,
EquipmentNode #39,45,496.400,496.400,0,18.100,0,0,22,
EquipmentNode #39,46,514.500,514.500,0,0,3.000,0,22,
EquipmentNode #39,47,517.500,517.500,0,0,0,0.100,22,
EquipmentNode #39,48,517.600,517.600,2.000,0,0,0,23,
EquipmentNode #39,49,519.600,519.600,0,18.100,0,0,23,
EquipmentNode #39,50,537.700,537.700,0,0,3.000,0,23,
EquipmentNode #39,51,540.700,540.700,0,0,0,0.100,23,
EquipmentNode #39,52,540.800,540.800,2.000,0,0,0,24,
EquipmentNode #39,53,542.800,542.800,0,18.100,0,0,24,
EquipmentNode #39,54,560.900,560.900,0,0,3.000,0,24,
EquipmentNode #39,55,563.900,563.900,0,0,0,0.100,24,
EquipmentNode #39,56,564.000,564.000,2.000,0,0,0,25,
EquipmentNode #39,57,566.000,566.000,0,18.100,0,0,25,
EquipmentNode #39,58,584.100,584.100,0,0,3.000,0,25,
EquipmentNode #39,59,587.100,587.100,0,0,0,0.100,25,
EquipmentNode #39,60,587.200,587.200,2.000,0,0,0,26,
EquipmentNode #39,61,589.200,589.200,0,18.100,0,0,26,
EquipmentNode #39,62,607.300,607.300,0,0,3.000,0,26,
EquipmentNode #39,63,610.300,610.300,0,0,0,0.100,26,
EquipmentNode #39,64,610.400,610.400,2.000,0,0,0,27,
EquipmentNode #39,65,612.400,612.400,0,18.100,0,0,27,
EquipmentNode #39,66,630.500,630.500,0,0,3.000,0,27,
EquipmentNode #39,67,633.500,633.500,0,0,0,0.100,27,
EquipmentNode #39,68,633.600,633.600,2.000,0,0,0,28,
EquipmentNode #39,69,635.600,635.600,0,18.100,0,0,28,
EquipmentNode #39,70,653.700,653.700,0,0,3.000,0,28,
EquipmentNode #39,71,656.700,656.700,0,0,0,0.100,28,
EquipmentNode #39,72,656.800,656.800,2.000,0,0,0,29,
EquipmentNode #39,73,658.800,658.800,0,18.100,0,0,29,
EquipmentNode #39,74,676.900,676.900,0,0,3.000,0,29,
EquipmentNode #39,75,679.900,679.900,0,0,0,0.100,29,
EquipmentNode #39,76,680.000,680.000,2.000,0,0,0,30,
EquipmentNode #39,77,682.000,682.000,0,18.100,0,0,30,
EquipmentNode #39,78,700.100,700.100,0,0,3.000,0,30,
EquipmentNode #39,79,703.100,703.100,0,0,0,0.100,30,
EquipmentNode #39,80,703.200,703.200,2.000,0,0,0,31,
EquipmentNode #39,81,705.200,705.200,0,18.100,0,0,31,
EquipmentNode #39,82,723.300,723.300,0,0,3.000,0,31,
EquipmentNode #39,83,726.300,726.300,0,0,0,0.100,31,
EquipmentNode #39,84,726.400,726.400,2.000,0,0,0,32,
EquipmentNode #39,85,728.400,728.400,0,18.100,0,0,32,
EquipmentNode #39,86,746.500,746.500,0,0,3.000,0,32,
EquipmentNode #39,87,749.500,749.500,0,0,0,0.100,32,
EquipmentNode #39,88,749.600,749.600,2.000,0,0,0,33,
EquipmentNode #39,89,751.600,751.600,0,18.100,0,0,33,
EquipmentNode #39,90,769.700,769.700,0,0,3.000,0,33,
EquipmentNode #39,91,772.700,772.700,0,0,0,0.100,33,
EquipmentNode #39,92,772.800,772.800,2.000,0,0,0,34,
EquipmentNode #39,93,774.800,774.800,0,18.100,0,0,34,
EquipmentNode #39,94,792.900,792.900,0,0,3.000,0,34,
EquipmentNode #39,95,795.900,795.900,0,0,0,0.100,34,
EquipmentNode #39,96,796.000,796.000,2.000,0,0,0,35,
EquipmentNode #39,97,798.000,798.000,0,18.100,0,0,35,
EquipmentNode #39,98,816.100,816.100,0,0,3.000,0,35,
EquipmentNode #39,99,819.100,819.100,0,0,0,0.100,35,
EquipmentNode #39,100,819.200,819.200,2.000,0,0,0,36,
EquipmentNode #39,101,821.200,821.200,0,18.100,0,0,36,
EquipmentNode #39,102,839.300,839.300,0,0,3.000,0,36,
EquipmentNode #39,103,842.300,842.300,0,0,0,0.100,36,
EquipmentNode #39,104,842.400,842.400,2.000,0,0,0,37,
EquipmentNode #39,105,844.400,844.400,0,5.400,0,0,37,
EquipmentNode #37,1,249.800,249.800,6.300,0,0,0,10,
EquipmentNode #37,2,256.100,256.100,0,0.100,0,0,10,
EquipmentNode #37,3,256.200,256.200,0,0,3.000,0,10,
EquipmentNode #37,4,259.200,259.200,0,0,0,0.100,10,
EquipmentNode #37,5,259.300,259.300,20.000,0,0,0,11,
EquipmentNode #37,6,279.300,279.300,0,0.100,0,0,11,
EquipmentNode #37,7,279.400,279.400,0,0,3.000,0,11,
EquipmentNode #37,8,282.400,282.400,0,0,0,0.100,11,
EquipmentNode #37,9,282.500,282.500,20.000,0,0,0,12,
EquipmentNode #37,10,302.500,302.500,0,0.100,0,0,12,
EquipmentNode #37,11,302.600,302.600,0,0,3.000,0,12,
EquipmentNode #37,12,305.600,305.600,0,0,0,0.100,12,
EquipmentNode #37,13,305.700,305.700,20.000,0,0,0,13,
EquipmentNode #37,14,325.700,325.700,0,0.100,0,0,13,
EquipmentNode #37,15,325.800,325.800,0,0,3.000,0,13,
EquipmentNode #37,16,328.800,328.800,0,0,0,0.100,13,
EquipmentNode #37,17,328.900,328.900,20.000,0,0,0,14,
EquipmentNode #37,18,348.900,348.900,0,0.100,0,0,14,
EquipmentNode #37,19,349.000,349.000,0,0,3.000,0,14,
EquipmentNode #37,20,352.000,352.000,0,0,0,0.100,14,
EquipmentNode #37,21,352.100,352.100,20.000,0,0,0,15,
EquipmentNode #37,22,372.100,372.100,0,0.100,0,0,15,
EquipmentNode #37,23,372.200,372.200,0,0,3.000,0,15,
EquipmentNode #37,24,375.200,375.200,0,0,0,0.100,15,
EquipmentNode #37,25,375.300,375.300,20.000,0,0,0,16,
EquipmentNode #37,26,395.300,395.300,0,0.100,0,0,16,
EquipmentNode #37,27,395.400,395.400,0,0,3.000,0,16,
EquipmentNode #37,28,398.400,398.400,0,0,0,0.100,16,
EquipmentNode #37,29,398.500,398.500,20.000,0,0,0,17,
EquipmentNode #37,30,418.500,418.500,0,0.100,0,0,17,
EquipmentNode #37,31,418.600,418.600,0,0,3.000,0,17,
EquipmentNode #37,32,421.600,421.600,0,0,0,0.100,17,
EquipmentNode #37,33,421.700,421.700,20.000,0,0,0,18,
EquipmentNode #37,34,441.700,441.700,0,0.100,0,0,18,
EquipmentNode #37,35,441.800,441.800,0,0,3.000,0,18,
EquipmentNode #37,36,444.800,444.800,0,0,0,0.100,18,
EquipmentNode #37,37,444.900,444.900,20.000,0,0,0,19,
EquipmentNode #37,38,464.900,464.900,0,0.100,0,0,19,
EquipmentNode #37,39,465.000,465.000,0,0,3.000,0,19,
EquipmentNode #37,40,468.000,468.000,0,0,0,0.100,19,
EquipmentNode #37,41,468.100,468.100,20.000,0,0,0,20,
EquipmentNode #37,42,488.100,488.100,0,0.100,0,0,20,
EquipmentNode #37,43,488.200,488.200,0,0,3.000,0,20,
EquipmentNode #37,44,491.200,491.200,0,0,0,0.100,20,
EquipmentNode #37,45,491.300,491.300,20.000,0,0,0,21,
EquipmentNode #37,46,511.300,511.300,0,0.100,0,0,21,
EquipmentNode #37,47,511.400,511.400,0,0,3.000,0,21,
EquipmentNode #37,48,514.400,514.400,0,0,0,0.100,21,
EquipmentNode #37,49,514.500,514.500,20.000,0,0,0,22,
EquipmentNode #37,50,534.500,534.500,0,0.100,0,0,22,
EquipmentNode #37,51,534.600,534.600,0,0,3.000,0,22,
EquipmentNode #37,52,537.600,537.600,0,0,0,0.100,22,
EquipmentNode #37,53,537.700,537.700,20.000,0,0,0,23,
EquipmentNode #37,54,557.700,557.700,0,0.100,0,0,23,
EquipmentNode #37,55,557.800,557.800,0,0,3.000,0,23,
EquipmentNode #37,56,560.800,560.800,0,0,0,0.100,23,
EquipmentNode #37,57,560.900,560.900,20.000,0,0,0,24,
EquipmentNode #37,58,580.900,580.900,0,0.100,0,0,24,
EquipmentNode #37,59,581.000,581.000,0,0,3.000,0,24,
EquipmentNode #37,60,584.000,584.000,0,0,0,0.100,24,
EquipmentNode #37,61,584.100,584.100,20.000,0,0,0,25,
EquipmentNode #37,62,604.100,604.100,0,0.100,0,0,25,
EquipmentNode #37,63,604.200,604.200,0,0,3.000,0,25,
EquipmentNode #37,64,607.200,607.200,0,0,0,0.100,25,
EquipmentNode #37,65,607.300,607.300,20.000,0,0,0,26,
EquipmentNode #37,66,627.300,627.300,0,0.100,0,0,26,
EquipmentNode #37,67,627.400,627.400,0,0,3.000,0,26,
EquipmentNode #37,68,630.400,630.400,0,0,0,0.100,26,
EquipmentNode #37,69,630.500,630.500,20.000,0,0,0,27,
EquipmentNode #37,70,650.500,650.500,0,0.100,0,0,27,
EquipmentNode #37,71,650.600,650.600,0,0,3.000,0,27,
EquipmentNode #37,72,653.600,653.600,0,0,0,0.100,27,
EquipmentNode #37,73,653.700,653.700,20.000,0,0,0,28,
EquipmentNode #37,74,673.700,673.700,0,0.100,0,0,28,
EquipmentNode #37,75,673.800,673.800,0,0,3.000,0,28,
EquipmentNode #37,76,676.800,676.800,0,0,0,0.100,28,
EquipmentNode #37,77,676.900,676.900,20.000,0,0,0,29,
EquipmentNode #37,78,696.900,696.900,0,0.100,0,0,29,
EquipmentNode #37,79,697.000,697.000,0,0,3.000,0,29,
EquipmentNode #37,80,700.000,700.000,0,0,0,0.100,29,
EquipmentNode #37,81,700.100,700.100,20.000,0,0,0,30,
EquipmentNode #37,82,720.100,720.100,0,0.100,0,0,30,
EquipmentNode #37,83,720.200,720.200,0,0,3.000,0,30,
EquipmentNode #37,84,723.200,723.200,0,0,0,0.100,30,
EquipmentNode #37,85,723.300,723.300,20.000,0,0,0,31,
EquipmentNode #37,86,743.300,743.300,0,0.100,0,0,31,
EquipmentNode #37,87,743.400,743.400,0,0,3.000,0,31,
EquipmentNode #37,88,746.400,746.400,0,0,0,0.100,31,
EquipmentNode #37,89,746.500,746.500,20.000,0,0,0,32,
EquipmentNode #37,90,766.500,766.500,0,0.100,0,0,32,
EquipmentNode #37,91,766.600,766.600,0,0,3.000,0,32,
EquipmentNode #37,92,769.600,769.600,0,0,0,0.100,32,
EquipmentNode #37,93,769.700,769.700,20.000,0,0,0,33,
EquipmentNode #37,94,789.700,789.700,0,0.100,0,0,33,
EquipmentNode #37,95,789.800,789.800,0,0,3.000,0,33,
EquipmentNode #37,96,792.800,792.800,0,0,0,0.100,33,
EquipmentNode #37,97,792.900,792.900,20.000,0,0,0,34,
EquipmentNode #37,98,812.900,812.900,0,0.100,0,0,34,
EquipmentNode #37,99,813.000,813.000,0,0,3.000,0,34,
EquipmentNode #37,100,816.000,816.000,0,0,0,0.100,34,
EquipmentNode #37,101,816.100,816.100,20.000,0,0,0,35,
EquipmentNode #37,102,836.100,836.100,0,0.100,0,0,35,
EquipmentNode #37,103,836.200,836.200,0,0,3.000,0,35,
EquipmentNode #37,104,839.200,839.200,0,0,0,0.100,35,
EquipmentNode #37,105,839.300,839.300,10.500,0,0,0,36,
EquipmentNode #38,1,249.800,249.800,0,0,0,6.400,,
EquipmentNode #38,2,256.200,256.200,2.000,0,0,0,10,
EquipmentNode #38,3,258.200,258.200,0,0.100,0,0,10,
EquipmentNode #38,4,258.300,258.300,0,0,3.000,0,10,
EquipmentNode #38,5,261.300,261.300,0,0,0,0.100,10,
EquipmentNode #38,6,261.400,261.400,0,0,0,18.000,,
EquipmentNode #38,7,279.400,279.400,2.000,0,0,0,11,
EquipmentNode #38,8,281.400,281.400,0,0.100,0,0,11,
EquipmentNode #38,9,281.500,281.500,0,0,3.000,0,11,
EquipmentNode #38,10,284.500,284.500,0,0,0,0.100,11,
EquipmentNode #38,11,284.600,284.600,0,0,0,18.000,,
EquipmentNode #38,12,302.600,302.600,2.000,0,0,0,12,
EquipmentNode #38,13,304.600,304.600,0,0.100,0,0,12,
EquipmentNode #38,14,304.700,304.700,0,0,3.000,0,12,
EquipmentNode #38,15,307.700,307.700,0,0,0,0.100,12,
EquipmentNode #38,16,307.800,307.800,0,0,0,18.000,,
EquipmentNode #38,17,325.800,325.800,2.000,0,0,0,13,
EquipmentNode #38,18,327.800,327.800,0,0.100,0,0,13,
EquipmentNode #38,19,327.900,327.900,0,0,3.000,0,13,
EquipmentNode #38,20,330.900,330.900,0,0,0,0.100,13,
EquipmentNode #38,21,331.000,331.000,0,0,0,18.000,,
EquipmentNode #38,22,349.000,349.000,2.000,0,0,0,14,
EquipmentNode #38,23,351.000,351.000,0,0.100,0,0,14,
EquipmentNode #38,24,351.100,351.100,0,0,3.000,0,14,
EquipmentNode #38,25,354.100,354.100,0,0,0,0.100,14,
EquipmentNode #38,26,354.200,354.200,0,0,0,18.000,,
EquipmentNode #38,27,372.200,372.200,2.000,0,0,0,15,
EquipmentNode #38,28,374.200,374.200,0,0.100,0,0,15,
EquipmentNode #38,29,374.300,374.300,0,0,3.000,0,15,
EquipmentNode #38,30,377.300,377.300,0,0,0,0.100,15,
EquipmentNode #38,31,377.400,377.400,0,0,0,18.000,,
EquipmentNode #38,32,395.400,395.400,2.000,0,0,0,16,
EquipmentNode #38,33,397.400,397.400,0,0.100,0,0,16,
EquipmentNode #38,34,397.500,397.500,0,0,3.000,0,16,
EquipmentNode #38,35,400.500,400.500,0,0,0,0.100,16,
EquipmentNode #38,36,400.600,400.600,0,0,0,18.000,,
EquipmentNode #38,37,418.600,418.600,2.000,0,0,0,17,
EquipmentNode #38,38,420.600,420.600,0,0.100,0,0,17,
EquipmentNode #38,39,420.700,420.700,0,0,3.000,0,17,
EquipmentNode #38,40,423.700,423.700,0,0,0,0.100,17,
EquipmentNode #38,41,423.800,423.800,0,0,0,18.000,,
EquipmentNode #38,42,441.800,441.800,2.000,0,0,0,18,
EquipmentNode #38,43,443.800,443.800,0,0.100,0,0,18,
EquipmentNode #38,44,443.900,443.900,0,0,3.000,0,18,
EquipmentNode #38,45,446.900,446.900,0,0,0,0.100,18,
EquipmentNode #38,46,447.000,447.000,0,0,0,18.000,,
EquipmentNode #38,47,465.000,465.000,2.000,0,0,0,19,
EquipmentNode #38,48,467.000,467.000,0,0.100,0,0,19,
EquipmentNode #38,49,467.100,467.100,0,0,3.000,0,19,
EquipmentNode #38,50,470.100,470.100,0,0,0,0.100,19,
EquipmentNode #38,51,470.200,470.200,0,0,0,18.000,,
EquipmentNode #38,52,488.200,488.200,2.000,0,0,0,20,
EquipmentNode #38,53,490.200,490.200,0,0.100,0,0,20,
EquipmentNode #38,54,490.300,490.300,0,0,3.000,0,20,
EquipmentNode #38,55,493.300,493.300,0,0,0,0.100,20,
EquipmentNode #38,56,493.400,493.400,0,0,0,18.000,,
EquipmentNode #38,57,511.400,511.400,2.000,0,0,0,21,
EquipmentNode #38,58,513.400,513.400,0,0.100,0,0,21,
EquipmentNode #38,59,513.500,513.500,0,0,3.000,0,21,
EquipmentNode #38,60,516.500,516.500,0,0,0,0.100,21,
EquipmentNode #38,61,516.600,516.600,0,0,0,18.000,,
EquipmentNode #38,62,534.600,534.600,2.000,0,0,0,22,
EquipmentNode #38,63,536.600,536.600,0,0.100,0,0,22,
EquipmentNode #38,64,536.700,536.700,0,0,3.000,0,22,
EquipmentNode #38,65,539.700,539.700,0,0,0,0.100,22,
EquipmentNode #38,66,539.800,539.800,0,0,0,18.000,,
EquipmentNode #38,67,557.800,557.800,2.000,0,0,0,23,
EquipmentNode #38,68,559.800,559.800,0,0.100,0,0,23,
EquipmentNode #38,69,559.900,559.900,0,0,3.000,0,23,
EquipmentNode #38,70,562.900,562.900,0,0,0,0.100,23,
EquipmentNode #38,71,563.000,563.000,0,0,0,18.000,,
EquipmentNode #38,72,581.000,581.000,2.000,0,0,0,24,
EquipmentNode #38,73,583.000,583.000,0,0.100,0,0,24,
EquipmentNode #38,74,583.100,583.100,0,0,3.000,0,24,
EquipmentNode #38,75,586.100,586.100,0,0,0,0.100,24,
EquipmentNode #38,76,586.200,586.200,0,0,0,18.000,,
EquipmentNode #38,77,604.200,604.200,2.000,0,0,0,25,
EquipmentNode #38,78,606.200,606.200,0,0.100,0,0,25,
EquipmentNode #38,79,606.300,606.300,0,0,3.000,0,25,
EquipmentNode #38,80,609.300,609.300,0,0,0,0.100,25,
EquipmentNode #38,81,609.400,609.400,0,0,0,18.000,,
EquipmentNode #38,82,627.400,627.400,2.000,0,0,0,26,
EquipmentNode #38,83,629.400,629.400,0,0.100,0,0,26,
EquipmentNode #38,84,629.500,629.500,0,0,3.000,0,26,
EquipmentNode #38,85,632.500,632.500,0,0,0,0.100,26,
EquipmentNode #38,86,632.600,632.600,0,0,0,18.000,,
EquipmentNode #38,87,650.600,650.600,2.000,0,0,0,27,
EquipmentNode #38,88,652.600,652.600,0,0.100,0,0,27,
EquipmentNode #38,89,652.700,652.700,0,0,3.000,0,27,
EquipmentNode #38,90,655.700,655.700,0,0,0,0.100,27,
EquipmentNode #38,91,655.800,655.800,0,0,0,18.000,,
EquipmentNode #38,92,673.800,673.800,2.000,0,0,0,28,
EquipmentNode #38,93,675.800,675.800,0,0.100,0,0,28,
EquipmentNode #38,94,675.900,675.900,0,0,3.000,0,28,
EquipmentNode #38,95,678.900,678.900,0,0,0,0.100,28,
EquipmentNode #38,96,679.000,679.000,0,0,0,18.000,,
EquipmentNode #38,97,697.000,697.000,2.000,0,0,0,29,
EquipmentNode #38,98,699.000,699.000,0,0.100,0,0,29,
EquipmentNode #38,99,699.100,699.100,0,0,3.000,0,29,
EquipmentNode #38,100,702.100,702.100,0,0,0,0.100,29,
EquipmentNode #38,101,702.200,702.200,0,0,0,18.000,,
EquipmentNode #38,102,720.200,720.200,2.000,0,0,0,30,
EquipmentNode #38,103,722.200,722.200,0,0.100,0,0,30,
EquipmentNode #38,104,722.300,722.300,0,0,3.000,0,30,
EquipmentNode #38,105,725.300,725.300,0,0,0,0.100,30,
EquipmentNode #38,106,725.400,725.400,0,0,0,18.000,,
EquipmentNode #38,107,743.400,743.400,2.000,0,0,0,31,
EquipmentNode #38,108,745.400,745.400,0,0.100,0,0,31,
EquipmentNode #38,109,745.500,745.500,0,0,3.000,0,31,
EquipmentNode #38,110,748.500,748.500,0,0,0,0.100,31,
EquipmentNode #38,111,748.600,748.600,0,0,0,18.000,,
EquipmentNode #38,112,766.600,766.600,2.000,0,0,0,32,
EquipmentNode #38,113,768.600,768.600,0,0.100,0,0,32,
EquipmentNode #38,114,768.700,768.700,0,0,3.000,0,32,
EquipmentNode #38,115,771.700,771.700,0,0,0,0.100,32,
EquipmentNode #38,116,771.800,771.800,0,0,0,18.000,,
EquipmentNode #38,117,789.800,789.800,2.000,0,0,0,33,
EquipmentNode #38,118,791.800,791.800,0,0.100,0,0,33,
EquipmentNode #38,119,791.900,791.900,0,0,3.000,0,33,
EquipmentNode #38,120,794.900,794.900,0,0,0,0.100,33,
EquipmentNode #38,121,795.000,795.000,0,0,0,18.000,,
EquipmentNode #38,122,813.000,813.000,2.000,0,0,0,34,
EquipmentNode #38,123,815.000,815.000,0,0.100,0,0,34,
EquipmentNode #38,124,815.100,815.100,0,0,3.000,0,34,
EquipmentNode #38,125,818.100,818.100,0,0,0,0.100,34,
EquipmentNode #38,126,818.200,818.200,0,0,0,18.000,,
EquipmentNode #38,127,836.200,836.200,2.000,0,0,0,35,
EquipmentNode #38,128,838.200,838.200,0,0.100,0,0,35,
EquipmentNode #38,129,838.300,838.300,0,0,3.000,0,35,
EquipmentNode #38,130,841.300,841.300,0,0,0,0.100,35,
EquipmentNode #38,131,841.400,841.400,0,0,0,8.400,,
EquipmentNode #40,1,249.800,249.800,0,0,0,8.500,,
EquipmentNode #40,2,258.300,258.300,2.000,0,0,0,10,
EquipmentNode #40,3,260.300,260.300,0,0.100,0,0,10,
EquipmentNode #40,4,260.400,260.400,0,0,3.000,0,10,
EquipmentNode #40,5,263.400,263.400,0,0,0,0.100,10,
EquipmentNode #40,6,263.500,263.500,0,0,0,18.000,,
EquipmentNode #40,7,281.500,281.500,2.000,0,0,0,11,
EquipmentNode #40,8,283.500,283.500,0,0.100,0,0,11,
EquipmentNode #40,9,283.600,283.600,0,0,3.000,0,11,
EquipmentNode #40,10,286.600,286.600,0,0,0,0.100,11,
EquipmentNode #40,11,286.700,286.700,0,0,0,18.000,,
EquipmentNode #40,12,304.700,304.700,2.000,0,0,0,12,
EquipmentNode #40,13,306.700,306.700,0,0.100,0,0,12,
EquipmentNode #40,14,306.800,306.800,0,0,3.000,0,12,
EquipmentNode #40,15,309.800,309.800,0,0,0,0.100,12,
EquipmentNode #40,16,309.900,309.900,0,0,0,18.000,,
EquipmentNode #40,17,327.900,327.900,2.000,0,0,0,13,
EquipmentNode #40,18,329.900,329.900,0,0.100,0,0,13,
EquipmentNode #40,19,330.000,330.000,0,0,3.000,0,13,
EquipmentNode #40,20,333.000,333.000,0,0,0,0.100,13,
EquipmentNode #40,21,333.100,333.100,0,0,0,18.000,,
EquipmentNode #40,22,351.100,351.100,2.000,0,0,0,14,
EquipmentNode #40,23,353.100,353.100,0,0.100,0,0,14,
EquipmentNode #40,24,353.200,353.200,0,0,3.000,0,14,
EquipmentNode #40,25,356.200,356.200,0,0,0,0.100,14,
EquipmentNode #40,26,356.300,356.300,0,0,0,18.000,,
EquipmentNode #40,27,374.300,374.300,2.000,0,0,0,15,
EquipmentNode #40,28,376.300,376.300,0,0.100,0,0,15,
EquipmentNode #40,29,376.400,376.400,0,0,3.000,0,15,
EquipmentNode #40,30,379.400,379.400,0,0,0,0.100,15,
EquipmentNode #40,31,379.500,379.500,0,0,0,18.000,,
EquipmentNode #40,32,397.500,397.500,2.000,0,0,0,16,
EquipmentNode #40,33,399.500,399.500,0,0.100,0,0,16,
EquipmentNode #40,34,399.600,399.600,0,0,3.000,0,16,
EquipmentNode #40,35,402.600,402.600,0,0,0,0.100,16,
EquipmentNode #40,36,402.700,402.700,0,0,0,18.000,,
EquipmentNode #40,37,420.700,420.700,2.000,0,0,0,17,
EquipmentNode #40,38,422.700,422.700,0,0.100,0,0,17,
EquipmentNode #40,39,422.800,422.800,0,0,3.000,0,17,
EquipmentNode #40,40,425.800,425.800,0,0,0,0.100,17,
EquipmentNode #40,41,425.900,425.900,0,0,0,18.000,,
EquipmentNode #40,42,443.900,443.900,2.000,0,0,0,18,
EquipmentNode #40,43,445.900,445.900,0,0.100,0,0,18,
EquipmentNode #40,44,446.000,446.000,0,0,3.000,0,18,
EquipmentNode #40,45,449.000,449.000,0,0,0,0.100,18,
EquipmentNode #40,46,449.100,449.100,0,0,0,18.000,,
EquipmentNode #40,47,467.100,467.100,2.000,0,0,0,19,
EquipmentNode #40,48,469.100,469.100,0,0.100,0,0,19,
EquipmentNode #40,49,469.200,469.200,0,0,3.000,0,19,
EquipmentNode #40,50,472.200,472.200,0,0,0,0.100,19,
EquipmentNode #40,51,472.300,472.300,0,0,0,18.000,,
EquipmentNode #40,52,490.300,490.300,2.000,0,0,0,20,
EquipmentNode #40,53,492.300,492.300,0,0.100,0,0,20,
EquipmentNode #40,54,492.400,492.400,0,0,3.000,0,20,
EquipmentNode #40,55,495.400,495.400,0,0,0,0.100,20,
EquipmentNode #40,56,495.500,495.500,0,0,0,18.000,,
EquipmentNode #40,57,513.500,513.500,2.000,0,0,0,21,
EquipmentNode #40,58,515.500,515.500,0,0.100,0,0,21,
EquipmentNode #40,59,515.600,515.600,0,0,3.000,0,21,
EquipmentNode #40,60,518.600,518.600,0,0,0,0.100,21,
EquipmentNode #40,61,518.700,518.700,0,0,0,18.000,,
EquipmentNode #40,62,536.700,536.700,2.000,0,0,0,22,
EquipmentNode #40,63,538.700,538.700,0,0.100,0,0,22,
EquipmentNode #40,64,538.800,538.800,0,0,3.000,0,22,
EquipmentNode #40,65,541.800,541.800,0,0,0,0.100,22,
EquipmentNode #40,66,541.900,541.900,0,0,0,18.000,,
EquipmentNode #40,67,559.900,559.900,2.000,0,0,0,23,
EquipmentNode #40,68,561.900,561.900,0,0.100,0,0,23,
EquipmentNode #40,69,562.000,562.000,0,0,3.000,0,23,
EquipmentNode #40,70,565.000,565.000,0,0,0,0.100,23,
EquipmentNode #40,71,565.100,565.100,0,0,0,18.000,,
EquipmentNode #40,72,583.100,583.100,2.000,0,0,0,24,
EquipmentNode #40,73,585.100,585.100,0,0.100,0,0,24,
EquipmentNode #40,74,585.200,585.200,0,0,3.000,0,24,
EquipmentNode #40,75,588.200,588.200,0,0,0,0.100,24,
EquipmentNode #40,76,588.300,588.300,0,0,0,18.000,,
EquipmentNode #40,77,606.300,606.300,2.000,0,0,0,25,
EquipmentNode #40,78,608.300,608.300,0,0.100,0,0,25,
EquipmentNode #40,79,608.400,608.400,0,0,3.000,0,25,
EquipmentNode #40,80,611.400,611.400,0,0,0,0.100,25,
EquipmentNode #40,81,611.500,611.500,0,0,0,18.000,,
EquipmentNode #40,82,629.500,629.500,2.000,0,0,0,26,
EquipmentNode #40,83,631.500,631.500,0,0.100,0,0,26,
EquipmentNode #40,84,631.600,631.600,0,0,3.000,0,26,
EquipmentNode #40,85,634.600,634.600,0,0,0,0.100,26,
EquipmentNode #40,86,634.700,634.700,0,0,0,18.000,,
EquipmentNode #40,87,652.700,652.700,2.000,0,0,0,27,
EquipmentNode #40,88,654.700,654.700,0,0.100,0,0,27,
EquipmentNode #40,89,654.800,654.800,0,0,3.000,0,27,
EquipmentNode #40,90,657.800,657.800,0,0,0,0.100,27,
EquipmentNode #40,91,657.900,657.900,0,0,0,18.000,,
EquipmentNode #40,92,675.900,675.900,2.000,0,0,0,28,
EquipmentNode #40,93,677.900,677.900,0,0.100,0,0,28,
EquipmentNode #40,94,678.000,678.000,0,0,3.000,0,28,
EquipmentNode #40,95,681.000,681.000,0,0,0,0.100,28,
EquipmentNode #40,96,681.100,681.100,0,0,0,18.000,,
EquipmentNode #40,97,699.100,699.100,2.000,0,0,0,29,
EquipmentNode #40,98,701.100,701.100,0,0.100,0,0,29,
EquipmentNode #40,99,701.200,701.200,0,0,3.000,0,29,
EquipmentNode #40,100,704.200,704.200,0,0,0,0.100,29,
EquipmentNode #40,101,704.300,704.300,0,0,0,18.000,,
EquipmentNode #40,102,722.300,722.300,2.000,0,0,0,30,
EquipmentNode #40,103,724.300,724.300,0,0.100,0,0,30,
EquipmentNode #40,104,724.400,724.400,0,0,3.000,0,30,
EquipmentNode #40,105,727.400,727.400,0,0,0,0.100,30,
EquipmentNode #40,106,727.500,727.500,0,0,0,18.000,,
EquipmentNode #40,107,745.500,745.500,2.000,0,0,0,31,
EquipmentNode #40,108,747.500,747.500,0,0.100,0,0,31,
EquipmentNode #40,109,747.600,747.600,0,0,3.000,0,31,
EquipmentNode #40,110,750.600,750.600,0,0,0,0.100,31,
EquipmentNode #40,111,750.700,750.700,0,0,0,18.000,,
EquipmentNode #40,112,768.700,768.700,2.000,0,0,0,32,
EquipmentNode #40,113,770.700,770.700,0,0.100,0,0,32,
EquipmentNode #40,114,770.800,770.800,0,0,3.000,0,32,
EquipmentNode #40,115,773.800,773.800,0,0,0,0.100,32,
EquipmentNode #40,116,773.900,773.900,0,0,0,18.000,,
EquipmentNode #40,117,791.900,791.900,2.000,0,0,0,33,
EquipmentNode #40,118,793.900,793.900,0,0.100,0,0,33,
EquipmentNode #40,119,794.000,794.000,0,0,3.000,0,33,
EquipmentNode #40,120,797.000,797.000,0,0,0,0.100,33,
EquipmentNode #40,121,797.100,797.100,0,0,0,18.000,,
EquipmentNode #40,122,815.100,815.100,2.000,0,0,0,34,
EquipmentNode #40,123,817.100,817.100,0,0.100,0,0,34,
EquipmentNode #40,124,817.200,817.200,0,0,3.000,0,34,
EquipmentNode #40,125,820.200,820.200,0,0,0,0.100,34,
EquipmentNode #40,126,820.300,820.300,0,0,0,18.000,,
EquipmentNode #40,127,838.300,838.300,2.000,0,0,0,35,
EquipmentNode #40,128,840.300,840.300,0,0.100,0,0,35,
EquipmentNode #40,129,840.400,840.400,0,0,3.000,0,35,
EquipmentNode #40,130,843.400,843.400,0,0,0,0.100,35,
EquipmentNode #40,131,843.500,843.500,0,0,0,6.300,,
Sink #45,1,249.800,249.800,0,0,0,0,9,
Sink #45,2,260.400,260.400,0,0,0,0,10,
Sink #45,3,283.600,283.600,0,0,0,0,11,
Sink #45,4,306.800,306.800,0,0,0,0,12,
Sink #45,5,330.000,330.000,0,0,0,0,13,
Sink #45,6,353.200,353.200,0,0,0,0,14,
Sink #45,7,376.400,376.400,0,0,0,0,15,
Sink #45,8,399.600,399.600,0,0,0,0,16,
Sink #45,9,422.800,422.800,0,0,0,0,17,
Sink #45,10,446.000,446.000,0,0,0,0,18,
Sink #45,11,469.200,469.200,0,0,0,0,19,
Sink #45,12,492.400,492.400,0,0,0,0,20,
Sink #45,13,515.600,515.600,0,0,0,0,21,
Sink #45,14,538.800,538.800,0,0,0,0,22,
Sink #45,15,562.000,562.000,0,0,0,0,23,
Sink #45,16,585.200,585.200,0,0,0,0,24,
Sink #45,17,608.400,608.400,0,0,0,0,25,
Sink #45,18,631.600,631.600,0,0,0,0,26,
Sink #45,19,654.800,654.800,0,0,0,0,27,
Sink #45,20,678.000,678.000,0,0,0,0,28,
Sink #45,21,701.200,701.200,0,0,0,0,29,
Sink #45,22,724.400,724.400,0,0,0,0,30,
Sink #45,23,747.600,747.600,0,0,0,0,31,
Sink #45,24,770.800,770.800,0,0,0,0,32,
Sink #45,25,794.000,794.000,0,0,0,0,33,
Sink #45,26,817.200,817.200,0,0,0,0,34,
Sink #45,27,840.400,840.400,0,0,0,0,35,
AGV Route #46,1,249.800,249.800,0,0,0,9.000,,
AGV Route #46,2,258.800,258.800,3.000,0,0,0,,AGV-1
AGV Route #46,3,261.800,261.800,0,0.100,0,0,,AGV-1
AGV Route #46,4,261.900,261.900,0,0,0.500,0,,AGV-1
AGV Route #46,5,262.400,262.400,0,0,0,39.000,,
AGV Route #46,6,301.400,301.400,3.000,0,0,0,,AGV-1
AGV Route #46,7,304.400,304.400,0,0.100,0,0,,AGV-1
AGV Route #46,8,304.500,304.500,0,0,0.500,0,,AGV-1
AGV Route #46,9,305.000,305.000,0,0,0,39.000,,
AGV Route #46,10,344.000,344.000,3.000,0,0,0,,AGV-1
AGV Route #46,11,347.000,347.000,0,0.100,0,0,,AGV-1
AGV Route #46,12,347.100,347.100,0,0,0.500,0,,AGV-1
AGV Route #46,13,347.600,347.600,0,0,0,39.000,,
AGV Route #46,14,386.600,386.600,3.000,0,0,0,,AGV-1
AGV Route #46,15,389.600,389.600,0,0.100,0,0,,AGV-1
AGV Route #46,16,389.700,389.700,0,0,0.500,0,,AGV-1
AGV Route #46,17,390.200,390.200,0,0,0,39.000,,
AGV Route #46,18,429.200,429.200,3.000,0,0,0,,AGV-1
AGV Route #46,19,432.200,432.200,0,0.100,0,0,,AGV-1
AGV Route #46,20,432.300,432.300,0,0,0.500,0,,AGV-1
AGV Route #46,21,432.800,432.800,0,0,0,39.000,,
AGV Route #46,22,471.800,471.800,3.000,0,0,0,,AGV-1
AGV Route #46,23,474.800,474.800,0,0.100,0,0,,AGV-1
AGV Route #46,24,474.900,474.900,0,0,0.500,0,,AGV-1
AGV Route #46,25,475.400,475.400,0,0,0,39.000,,
AGV Route #46,26,514.400,514.400,3.000,0,0,0,,AGV-1
AGV Route #46,27,517.400,517.400,0,0.100,0,0,,AGV-1
AGV Route #46,28,517.500,517.500,0,0,0.500,0,,AGV-1
AGV Route #46,29,518.000,518.000,0,0,0,39.000,,
AGV Route #46,30,557.000,557.000,3.000,0,0,0,,AGV-1
AGV Route #46,31,560.000,560.000,0,0.100,0,0,,AGV-1
AGV Route #46,32,560.100,560.100,0,0,0.500,0,,AGV-1
AGV Route #46,33,560.600,560.600,0,0,0,39.000,,
AGV Route #46,34,599.600,599.600,3.000,0,0,0,,AGV-1
AGV Route #46,35,602.600,602.600,0,0.100,0,0,,AGV-1
AGV Route #46,36,602.700,602.700,0,0,0.500,0,,AGV-1
AGV Route #46,37,603.200,603.200,0,0,0,39.000,,
AGV Route #46,38,642.200,642.200,3.000,0,0,0,,AGV-1
AGV Route #46,39,645.200,645.200,0,0.100,0,0,,AGV-1
AGV Route #46,40,645.300,645.300,0,0,0.500,0,,AGV-1
AGV Route #46,41,645.800,645.800,0,0,0,39.000,,
AGV Route #46,42,684.800,684.800,3.000,0,0,0,,AGV-1
AGV Route #46,43,687.800,687.800,0,0.100,0,0,,AGV-1
AGV Route #46,44,687.900,687.900,0,0,0.500,0,,AGV-1
AGV Route #46,45,688.400,688.400,0,0,0,39.000,,
AGV Route #46,46,727.400,727.400,3.000,0,0,0,,AGV-1
AGV Route #46,47,730.400,730.400,0,0.100,0,0,,AGV-1
AGV Route #46,48,730.500,730.500,0,0,0.500,0,,AGV-1
AGV Route #46,49,731.000,731.000,0,0,0,39.000,,
AGV Route #46,50,770.000,770.000,3.000,0,0,0,,AGV-1
AGV Route #46,51,773.000,773.000,0,0.100,0,0,,AGV-1
AGV Route #46,52,773.100,773.100,0,0,0.500,0,,AGV-1
AGV Route #46,53,773.600,773.600,0,0,0,39.000,,
AGV Route #46,54,812.600,812.600,3.000,0,0,0,,AGV-1
AGV Route #46,55,815.600,815.600,0,0.100,0,0,,AGV-1
AGV Route #46,56,815.700,815.700,0,0,0.500,0,,AGV-1
AGV Route #46,57,816.200,816.200,0,0,0,33.600,,
AGV Route #47,1,249.800,249.800,0,0,2.500,0,12,AGV-1
AGV Route #47,2,252.300,252.300,0,0.100,0,0,,AGV-1
AGV Route #47,3,252.400,252.400,0,0,5.000,0,,AGV-1
AGV Route #47,4,257.400,257.400,0,0,0,21.200,,
AGV Route #47,5,278.600,278.600,3.000,0,0,0,,AGV-1
AGV Route #47,6,281.600,281.600,0,0.100,0,0,,AGV-1
AGV Route #47,7,281.700,281.700,0,0,5.000,0,13,AGV-1
AGV Route #47,8,286.700,286.700,0,3.200,0,0,,AGV-1
AGV Route #47,9,289.900,289.900,0,0,5.000,0,14,AGV-1
AGV Route #47,10,294.900,294.900,0,0.100,0,0,,AGV-1
AGV Route #47,11,295.000,295.000,0,0,5.000,0,,AGV-1
AGV Route #47,12,300.000,300.000,0,0,0,21.200,,
AGV Route #47,13,321.200,321.200,3.000,0,0,0,,AGV-1
AGV Route #47,14,324.200,324.200,0,0.100,0,0,,AGV-1
AGV Route #47,15,324.300,324.300,0,0,5.000,0,15,AGV-1
AGV Route #47,16,329.300,329.300,0,3.200,0,0,,AGV-1
AGV Route #47,17,332.500,332.500,0,0,5.000,0,16,AGV-1
AGV Route #47,18,337.500,337.500,0,0.100,0,0,,AGV-1
AGV Route #47,19,337.600,337.600,0,0,5.000,0,,AGV-1
AGV Route #47,20,342.600,342.600,0,0,0,21.200,,
AGV Route #47,21,363.800,363.800,3.000,0,0,0,,AGV-1
AGV Route #47,22,366.800,366.800,0,0.100,0,0,,AGV-1
AGV Route #47,23,366.900,366.900,0,0,5.000,0,17,AGV-1
AGV Route #47,24,371.900,371.900,0,3.200,0,0,,AGV-1
AGV Route #47,25,375.100,375.100,0,0,5.000,0,18,AGV-1
AGV Route #47,26,380.100,380.100,0,0.100,0,0,,AGV-1
AGV Route #47,27,380.200,380.200,0,0,5.000,0,,AGV-1
AGV Route #47,28,385.200,385.200,0,0,0,21.200,,
AGV Route #47,29,406.400,406.400,3.000,0,0,0,,AGV-1
AGV Route #47,30,409.400,409.400,0,0.100,0,0,,AGV-1
AGV Route #47,31,409.500,409.500,0,0,5.000,0,19,AGV-1
AGV Route #47,32,414.500,414.500,0,3.200,0,0,,AGV-1
AGV Route #47,33,417.700,417.700,0,0,5.000,0,20,AGV-1
AGV Route #47,34,422.700,422.700,0,0.100,0,0,,AGV-1
AGV Route #47,35,422.800,422.800,0,0,5.000,0,,AGV-1
AGV Route #47,36,427.800,427.800,0,0,0,21.200,,
AGV Route #47,37,449.000,449.000,3.000,0,0,0,,AGV-1
AGV Route #47,38,452.000,452.000,0,0.100,0,0,,AGV-1
AGV Route #47,39,452.100,452.100,0,0,5.000,0,21,AGV-1
AGV Route #47,40,457.100,457.100,0,3.200,0,0,,AGV-1
AGV Route #47,41,460.300,460.300,0,0,5.000,0,22,AGV-1
AGV Route #47,42,465.300,465.300,0,0.100,0,0,,AGV-1
AGV Route #47,43,465.400,465.400,0,0,5.000,0,,AGV-1
AGV Route #47,44,470.400,470.400,0,0,0,21.200,,
AGV Route #47,45,491.600,491.600,3.000,0,0,0,,AGV-1
AGV Route #47,46,494.600,494.600,0,0.100,0,0,,AGV-1
AGV Route #47,47,494.700,494.700,0,0,5.000,0,23,AGV-1
AGV Route #47,48,499.700,499.700,0,3.200,0,0,,AGV-1
AGV Route #47,49,502.900,502.900,0,0,5.000,0,24,AGV-1
AGV Route #47,50,507.900,507.900,0,0.100,0,0,,AGV-1
AGV Route #47,51,508.000,508.000,0,0,5.000,0,,AGV-1
AGV Route #47,52,513.000,513.000,0,0,0,21.200,,
AGV Route #47,53,534.200,534.200,3.000,0,0,0,,AGV-1
AGV Route #47,54,537.200,537.200,0,0.100,0,0,,AGV-1
AGV Route #47,55,537.300,537.300,0,0,5.000,0,25,AGV-1
AGV Route #47,56,542.300,542.300,0,3.200,0,0,,AGV-1
AGV Route #47,57,545.500,545.500,0,0,5.000,0,26,AGV-1
AGV Route #47,58,550.500,550.500,0,0.100,0,0,,AGV-1
AGV Route #47,59,550.600,550.600,0,0,5.000,0,,AGV-1
AGV Route #47,60,555.600,555.600,0,0,0,21.200,,
AGV Route #47,61,576.800,576.800,3.000,0,0,0,,AGV-1
AGV Route #47,62,579.800,579.800,0,0.100,0,0,,AGV-1
AGV Route #47,63,579.900,579.900,0,0,5.000,0,27,AGV-1
AGV Route #47,64,584.900,584.900,0,3.200,0,0,,AGV-1
AGV Route #47,65,588.100,588.100,0,0,5.000,0,28,AGV-1
AGV Route #47,66,593.100,593.100,0,0.100,0,0,,AGV-1
AGV Route #47,67,593.200,593.200,0,0,5.000,0,,AGV-1
AGV Route #47,68,598.200,598.200,0,0,0,21.200,,
AGV Route #47,69,619.400,619.400,3.000,0,0,0,,AGV-1
AGV Route #47,70,622.400,622.400,0,0.100,0,0,,AGV-1
AGV Route #47,71,622.500,622.500,0,0,5.000,0,29,AGV-1
AGV Route #47,72,627.500,627.500,0,3.200,0,0,,AGV-1
AGV Route #47,73,630.700,630.700,0,0,5.000,0,30,AGV-1
AGV Route #47,74,635.700,635.700,0,0.100,0,0,,AGV-1
AGV Route #47,75,635.800,635.800,0,0,5.000,0,,AGV-1
AGV Route #47,76,640.800,640.800,0,0,0,21.200,,
AGV Route #47,77,662.000,662.000,3.000,0,0,0,,AGV-1
AGV Route #47,78,665.000,665.000,0,0.100,0,0,,AGV-1
AGV Route #47,79,665.100,665.100,0,0,5.000,0,31,AGV-1
AGV Route #47,80,670.100,670.100,0,3.200,0,0,,AGV-1
AGV Route #47,81,673.300,673.300,0,0,5.000,0,32,AGV-1
AGV Route #47,82,678.300,678.300,0,0.100,0,0,,AGV-1
AGV Route #47,83,678.400,678.400,0,0,5.000,0,,AGV-1
AGV Route #47,84,683.400,683.400,0,0,0,21.200,,
AGV Route #47,85,704.600,704.600,3.000,0,0,0,,AGV-1
AGV Route #47,86,707.600,707.600,0,0.100,0,0,,AGV-1
AGV Route #47,87,707.700,707.700,0,0,5.000,0,33,AGV-1
AGV Route #47,88,712.700,712.700,0,3.200,0,0,,AGV-1
AGV Route #47,89,715.900,715.900,0,0,5.000,0,34,AGV-1
AGV Route #47,90,720.900,720.900,0,0.100,0,0,,AGV-1
AGV Route #47,91,721.000,721.000,0,0,5.000,0,,AGV-1
AGV Route #47,92,726.000,726.000,0,0,0,21.200,,
AGV Route #47,93,747.200,747.200,3.000,0,0,0,,AGV-1
AGV Route #47,94,750.200,750.200,0,0.100,0,0,,AGV-1
AGV Route #47,95,750.300,750.300,0,0,5.000,0,35,AGV-1
AGV Route #47,96,755.300,755.300,0,3.200,0,0,,AGV-1
AGV Route #47,97,758.500,758.500,0,0,5.000,0,36,AGV-1
AGV Route #47,98,763.500,763.500,0,0.100,0,0,,AGV-1
AGV Route #47,99,763.600,763.600,0,0,5.000,0,,AGV-1
AGV Route #47,100,768.600,768.600,0,0,0,21.200,,
AGV Route #47,101,789.800,789.800,3.000,0,0,0,,AGV-1
AGV Route #47,102,792.800,792.800,0,0.100,0,0,,AGV-1
AGV Route #47,103,792.900,792.900,0,0,5.000,0,37,AGV-1
AGV Route #47,104,797.900,797.900,0,3.200,0,0,,AGV-1
AGV Route #47,105,801.100,801.100,0,0,5.000,0,38,AGV-1
AGV Route #47,106,806.100,806.100,0,0.100,0,0,,AGV-1
AGV Route #47,107,806.200,806.200,0,0,5.000,0,,AGV-1
AGV Route #47,108,811.200,811.200,0,0,0,21.200,,
AGV Route #47,109,832.400,832.400,3.000,0,0,0,,AGV-1
AGV Route #47,110,835.400,835.400,0,0.100,0,0,,AGV-1
AGV Route #47,111,835.500,835.500,0,0,5.000,0,39,AGV-1
AGV Route #47,112,840.500,840.500,0,3.200,0,0,,AGV-1
AGV Route #47,113,843.700,843.700,0,0,5.000,0,40,AGV-1
AGV Route #47,114,848.700,848.700,0,0.100,0,0,,AGV-1
AGV Route #47,115,848.800,848.800,0,0,1.000,0,,AGV-1
AGV Route #48,1,249.800,249.800,0,0,0,5.800,,
AGV Route #48,2,255.600,255.600,3.000,0,0,0,,AGV-1
AGV Route #48,3,258.600,258.600,0,0.100,0,0,,AGV-1
AGV Route #48,4,258.700,258.700,0,0,0.500,0,,AGV-1
AGV Route #48,5,259.200,259.200,0,0,0,39.000,,
AGV Route #48,6,298.200,298.200,3.000,0,0,0,,AGV-1
AGV Route #48,7,301.200,301.200,0,0.100,0,0,,AGV-1
AGV Route #48,8,301.300,301.300,0,0,0.500,0,,AGV-1
AGV Route #48,9,301.800,301.800,0,0,0,39.000,,
AGV Route #48,10,340.800,340.800,3.000,0,0,0,,AGV-1
AGV Route #48,11,343.800,343.800,0,0.100,0,0,,AGV-1
AGV Route #48,12,343.900,343.900,0,0,0.500,0,,AGV-1
AGV Route #48,13,344.400,344.400,0,0,0,39.000,,
AGV Route #48,14,383.400,383.400,3.000,0,0,0,,AGV-1
AGV Route #48,15,386.400,386.400,0,0.100,0,0,,AGV-1
AGV Route #48,16,386.500,386.500,0,0,0.500,0,,AGV-1
AGV Route #48,17,387.000,387.000,0,0,0,39.000,,
AGV Route #48,18,426.000,426.000,3.000,0,0,0,,AGV-1
AGV Route #48,19,429.000,429.000,0,0.100,0,0,,AGV-1
AGV Route #48,20,429.100,429.100,0,0,0.500,0,,AGV-1
AGV Route #48,21,429.600,429.600,0,0,0,39.000,,
AGV Route #48,22,468.600,468.600,3.000,0,0,0,,AGV-1
AGV Route #48,23,471.600,471.600,0,0.100,0,0,,AGV-1
AGV Route #48,24,471.700,471.700,0,0,0.500,0,,AGV-1
AGV Route #48,25,472.200,472.200,0,0,0,39.000,,
AGV Route #48,26,511.200,511.200,3.000,0,0,0,,AGV-1
AGV Route #48,27,514.200,514.200,0,0.100,0,0,,AGV-1
AGV Route #48,28,514.300,514.300,0,0,0.500,0,,AGV-1
AGV Route #48,29,514.800,514.800,0,0,0,39.000,,
AGV Route #48,30,553.800,553.800,3.000,0,0,0,,AGV-1
AGV Route #48,31,556.800,556.800,0,0.100,0,0,,AGV-1
AGV Route #48,32,556.900,556.900,0,0,0.500,0,,AGV-1
AGV Route #48,33,557.400,557.400,0,0,0,39.000,,
AGV Route #48,34,596.400,596.400,3.000,0,0,0,,AGV-1
AGV Route #48,35,599.400,599.400,0,0.100,0,0,,AGV-1
AGV Route #48,36,599.500,599.500,0,0,0.500,0,,AGV-1
AGV Route #48,37,600.000,600.000,0,0,0,39.000,,
AGV Route #48,38,639.000,639.000,3.000,0,0,0,,AGV-1
AGV Route #48,39,642.000,642.000,0,0.100,0,0,,AGV-1
AGV Route #48,40,642.100,642.100,0,0,0.500,0,,AGV-1
AGV Route #48,41,642.600,642.600,0,0,0,39.000,,
AGV Route #48,42,681.600,681.600,3.000,0,0,0,,AGV-1
AGV Route #48,43,684.600,684.600,0,0.100,0,0,,AGV-1
AGV Route #48,44,684.700,684.700,0,0,0.500,0,,AGV-1
AGV Route #48,45,685.200,685.200,0,0,0,39.000,,
AGV Route #48,46,724.200,724.200,3.000,0,0,0,,AGV-1
AGV Route #48,47,727.200,727.200,0,0.100,0,0,,AGV-1
AGV Route #48,48,727.300,727.300,0,0,0.500,0,,AGV-1
AGV Route #48,49,727.800,727.800,0,0,0,39.000,,
AGV Route #48,50,766.800,766.800,3.000,0,0,0,,AGV-1
AGV Route #48,51,769.800,769.800,0,0.100,0,0,,AGV-1
AGV Route #48,52,769.900,769.900,0,0,0.500,0,,AGV-1
AGV Route #48,53,770.400,770.400,0,0,0,39.000,,
AGV Route #48,54,809.400,809.400,3.000,0,0,0,,AGV-1
AGV Route #48,55,812.400,812.400,0,0.100,0,0,,AGV-1
AGV Route #48,56,812.500,812.500,0,0,0.500,0,,AGV-1
AGV Route #48,57,813.000,813.000,0,0,0,36.800,,
AGV Route #49,1,249.800,249.800,0,0,0,25.600,,
AGV Route #49,2,275.400,275.400,3.000,0,0,0,,AGV-1
AGV Route #49,3,278.400,278.400,0,0.100,0,0,,AGV-1
AGV Route #49,4,278.500,278.500,0,0,0.500,0,,AGV-1
AGV Route #49,5,279.000,279.000,0,0,0,39.000,,
AGV Route #49,6,318.000,318.000,3.000,0,0,0,,AGV-1
AGV Route #49,7,321.000,321.000,0,0.100,0,0,,AGV-1
AGV Route #49,8,321.100,321.100,0,0,0.500,0,,AGV-1
AGV Route #49,9,321.600,321.600,0,0,0,39.000,,
AGV Route #49,10,360.600,360.600,3.000,0,0,0,,AGV-1
AGV Route #49,11,363.600,363.600,0,0.100,0,0,,AGV-1
AGV Route #49,12,363.700,363.700,0,0,0.500,0,,AGV-1
AGV Route #49,13,364.200,364.200,0,0,0,39.000,,
AGV Route #49,14,403.200,403.200,3.000,0,0,0,,AGV-1
AGV Route #49,15,406.200,406.200,0,0.100,0,0,,AGV-1
AGV Route #49,16,406.300,406.300,0,0,0.500,0,,AGV-1
AGV Route #49,17,406.800,406.800,0,0,0,39.000,,
AGV Route #49,18,445.800,445.800,3.000,0,0,0,,AGV-1
AGV Route #49,19,448.800,448.800,0,0.100,0,0,,AGV-1
AGV Route #49,20,448.900,448.900,0,0,0.500,0,,AGV-1
AGV Route #49,21,449.400,449.400,0,0,0,39.000,,
AGV Route #49,22,488.400,488.400,3.000,0,0,0,,AGV-1
AGV Route #49,23,491.400,491.400,0,0.100,0,0,,AGV-1
AGV Route #49,24,491.500,491.500,0,0,0.500,0,,AGV-1
AGV Route #49,25,492.000,492.000,0,0,0,39.000,,
AGV Route #49,26,531.000,531.000,3.000,0,0,0,,AGV-1
AGV Route #49,27,534.000,534.000,0,0.100,0,0,,AGV-1
AGV Route #49,28,534.100,534.100,0,0,0.500,0,,AGV-1
AGV Route #49,29,534.600,534.600,0,0,0,39.000,,
AGV Route #49,30,573.600,573.600,3.000,0,0,0,,AGV-1
AGV Route #49,31,576.600,576.600,0,0.100,0,0,,AGV-1
AGV Route #49,32,576.700,576.700,0,0,0.500,0,,AGV-1
AGV Route #49,33,577.200,577.200,0,0,0,39.000,,
AGV Route #49,34,616.200,616.200,3.000,0,0,0,,AGV-1
AGV Route #49,35,619.200,619.200,0,0.100,0,0,,AGV-1
AGV Route #49,36,619.300,619.300,0,0,0.500,0,,AGV-1
AGV Route #49,37,619.800,619.800,0,0,0,39.000,,
AGV Route #49,38,658.800,658.800,3.000,0,0,0,,AGV-1
AGV Route #49,39,661.800,661.800,0,0.100,0,0,,AGV-1
AGV Route #49,40,661.900,661.900,0,0,0.500,0,,AGV-1
AGV Route #49,41,662.400,662.400,0,0,0,39.000,,
AGV Route #49,42,701.400,701.400,3.000,0,0,0,,AGV-1
AGV Route #49,43,704.400,704.400,0,0.100,0,0,,AGV-1
AGV Route #49,44,704.500,704.500,0,0,0.500,0,,AGV-1
AGV Route #49,45,705.000,705.000,0,0,0,39.000,,
AGV Route #49,46,744.000,744.000,3.000,0,0,0,,AGV-1
AGV Route #49,47,747.000,747.000,0,0.100,0,0,,AGV-1
AGV Route #49,48,747.100,747.100,0,0,0.500,0,,AGV-1
AGV Route #49,49,747.600,747.600,0,0,0,39.000,,
AGV Route #49,50,786.600,786.600,3.000,0,0,0,,AGV-1
AGV Route #49,51,789.600,789.600,0,0.100,0,0,,AGV-1
AGV Route #49,52,789.700,789.700,0,0,0.500,0,,AGV-1
AGV Route #49,53,790.200,790.200,0,0,0,39.000,,
AGV Route #49,54,829.200,829.200,3.000,0,0,0,,AGV-1
AGV Route #49,55,832.200,832.200,0,0.100,0,0,,AGV-1
AGV Route #49,56,832.300,832.300,0,0,0.500,0,,AGV-1
AGV Route #49,57,832.800,832.800,0,0,0,17.000,,
AGV Route #50,1,249.800,249.800,0,0,0,12.100,,
AGV Route #50,2,261.900,261.900,3.000,0,0,0,,AGV-1
AGV Route #50,3,264.900,264.900,0,0,0,0.100,,AGV-1
AGV Route #50,4,265.000,265.000,3.000,0,0,0,13,AGV-1
AGV Route #50,5,268.000,268.000,0,0,0,4.200,,AGV-1
AGV Route #50,6,272.200,272.200,3.000,0,0,0,14,AGV-1
AGV Route #50,7,275.200,275.200,0,0.100,0,0,,AGV-1
AGV Route #50,8,275.300,275.300,0,0,0.500,0,,AGV-1
AGV Route #50,9,275.800,275.800,0,0,0,28.700,,
AGV Route #50,10,304.500,304.500,3.000,0,0,0,,AGV-1
AGV Route #50,11,307.500,307.500,0,0,0,0.100,,AGV-1
AGV Route #50,12,307.600,307.600,3.000,0,0,0,15,AGV-1
AGV Route #50,13,310.600,310.600,0,0,0,4.200,,AGV-1
AGV Route #50,14,314.800,314.800,3.000,0,0,0,16,AGV-1
AGV Route #50,15,317.800,317.800,0,0.100,0,0,,AGV-1
AGV Route #50,16,317.900,317.900,0,0,0.500,0,,AGV-1
AGV Route #50,17,318.400,318.400,0,0,0,28.700,,
AGV Route #50,18,347.100,347.100,3.000,0,0,0,,AGV-1
AGV Route #50,19,350.100,350.100,0,0,0,0.100,,AGV-1
AGV Route #50,20,350.200,350.200,3.000,0,0,0,17,AGV-1
AGV Route #50,21,353.200,353.200,0,0,0,4.200,,AGV-1
AGV Route #50,22,357.400,357.400,3.000,0,0,0,18,AGV-1
AGV Route #50,23,360.400,360.400,0,0.100,0,0,,AGV-1
AGV Route #50,24,360.500,360.500,0,0,0.500,0,,AGV-1
AGV Route #50,25,361.000,361.000,0,0,0,28.700,,
AGV Route #50,26,389.700,389.700,3.000,0,0,0,,AGV-1
AGV Route #50,27,392.700,392.700,0,0,0,0.100,,AGV-1
AGV Route #50,28,392.800,392.800,3.000,0,0,0,19,AGV-1
AGV Route #50,29,395.800,395.800,0,0,0,4.200,,AGV-1
AGV Route #50,30,400.000,400.000,3.000,0,0,0,20,AGV-1
AGV Route #50,31,403.000,403.000,0,0.100,0,0,,AGV-1
AGV Route #50,32,403.100,403.100,0,0,0.500,0,,AGV-1
AGV Route #50,33,403.600,403.600,0,0,0,28.700,,
AGV Route #50,34,432.300,432.300,3.000,0,0,0,,AGV-1
AGV Route #50,35,435.300,435.300,0,0,0,0.100,,AGV-1
AGV Route #50,36,435.400,435.400,3.000,0,0,0,21,AGV-1
AGV Route #50,37,438.400,438.400,0,0,0,4.200,,AGV-1
AGV Route #50,38,442.600,442.600,3.000,0,0,0,22,AGV-1
AGV Route #50,39,445.600,445.600,0,0.100,0,0,,AGV-1
AGV Route #50,40,445.700,445.700,0,0,0.500,0,,AGV-1
AGV Route #50,41,446.200,446.200,0,0,0,28.700,,
AGV Route #50,42,474.900,474.900,3.000,0,0,0,,AGV-1
AGV Route #50,43,477.900,477.900,0,0,0,0.100,,AGV-1
AGV Route #50,44,478.000,478.000,3.000,0,0,0,23,AGV-1
AGV Route #50,45,481.000,481.000,0,0,0,4.200,,AGV-1
AGV Route #50,46,485.200,485.200,3.000,0,0,0,24,AGV-1
AGV Route #50,47,488.200,488.200,0,0.100,0,0,,AGV-1
AGV Route #50,48,488.300,488.300,0,0,0.500,0,,AGV-1
AGV Route #50,49,488.800,488.800,0,0,0,28.700,,
AGV Route #50,50,517.500,517.500,3.000,0,0,0,,AGV-1
AGV Route #50,51,520.500,520.500,0,0,0,0.100,,AGV-1
AGV Route #50,52,520.600,520.600,3.000,0,0,0,25,AGV-1
AGV Route #50,53,523.600,523.600,0,0,0,4.200,,AGV-1
AGV Route #50,54,527.800,527.800,3.000,0,0,0,26,AGV-1
AGV Route #50,55,530.800,530.800,0,0.100,0,0,,AGV-1
AGV Route #50,56,530.900,530.900,0,0,0.500,0,,AGV-1
AGV Route #50,57,531.400,531.400,0,0,0,28.700,,
AGV Route #50,58,560.100,560.100,3.000,0,0,0,,AGV-1
AGV Route #50,59,563.100,563.100,0,0,0,0.100,,AGV-1
AGV Route #50,60,563.200,563.200,3.000,0,0,0,27,AGV-1
AGV Route #50,61,566.200,566.200,0,0,0,4.200,,AGV-1
AGV Route #50,62,570.400,570.400,3.000,0,0,0,28,AGV-1
AGV Route #50,63,573.400,573.400,0,0.100,0,0,,AGV-1
AGV Route #50,64,573.500,573.500,0,0,0.500,0,,AGV-1
AGV Route #50,65,574.000,574.000,0,0,0,28.700,,
AGV Route #50,66,602.700,602.700,3.000,0,0,0,,AGV-1
AGV Route #50,67,605.700,605.700,0,0,0,0.100,,AGV-1
AGV Route #50,68,605.800,605.800,3.000,0,0,0,29,AGV-1
AGV Route #50,69,608.800,608.800,0,0,0,4.200,,AGV-1
AGV Route #50,70,613.000,613.000,3.000,0,0,0,30,AGV-1
AGV Route #50,71,616.000,616.000,0,0.100,0,0,,AGV-1
AGV Route #50,72,616.100,616.100,0,0,0.500,0,,AGV-1
AGV Route #50,73,616.600,616.600,0,0,0,28.700,,
AGV Route #50,74,645.300,645.300,3.000,0,0,0,,AGV-1
AGV Route #50,75,648.300,648.300,0,0,0,0.100,,AGV-1
AGV Route #50,76,648.400,648.400,3.000,0,0,0,31,AGV-1
AGV Route #50,77,651.400,651.400,0,0,0,4.200,,AGV-1
AGV Route #50,78,655.600,655.600,3.000,0,0,0,32,AGV-1
AGV Route #50,79,658.600,658.600,0,0.100,0,0,,AGV-1
AGV Route #50,80,658.700,658.700,0,0,0.500,0,,AGV-1
AGV Route #50,81,659.200,659.200,0,0,0,28.700,,
AGV Route #50,82,687.900,687.900,3.000,0,0,0,,AGV-1
AGV Route #50,83,690.900,690.900,0,0,0,0.100,,AGV-1
AGV Route #50,84,691.000,691.000,3.000,0,0,0,33,AGV-1
AGV Route #50,85,694.000,694.000,0,0,0,4.200,,AGV-1
AGV Route #50,86,698.200,698.200,3.000,0,0,0,34,AGV-1
AGV Route #50,87,701.200,701.200,0,0.100,0,0,,AGV-1
AGV Route #50,88,701.300,701.300,0,0,0.500,0,,AGV-1
AGV Route #50,89,701.800,701.800,0,0,0,28.700,,
AGV Route #50,90,730.500,730.500,3.000,0,0,0,,AGV-1
AGV Route #50,91,733.500,733.500,0,0,0,0.100,,AGV-1
AGV Route #50,92,733.600,733.600,3.000,0,0,0,35,AGV-1
AGV Route #50,93,736.600,736.600,0,0,0,4.200,,AGV-1
AGV Route #50,94,740.800,740.800,3.000,0,0,0,36,AGV-1
AGV Route #50,95,743.800,743.800,0,0.100,0,0,,AGV-1
AGV Route #50,96,743.900,743.900,0,0,0.500,0,,AGV-1
AGV Route #50,97,744.400,744.400,0,0,0,28.700,,
AGV Route #50,98,773.100,773.100,3.000,0,0,0,,AGV-1
AGV Route #50,99,776.100,776.100,0,0,0,0.100,,AGV-1
AGV Route #50,100,776.200,776.200,3.000,0,0,0,37,AGV-1
AGV Route #50,101,779.200,779.200,0,0,0,4.200,,AGV-1
AGV Route #50,102,783.400,783.400,3.000,0,0,0,38,AGV-1
AGV Route #50,103,786.400,786.400,0,0.100,0,0,,AGV-1
AGV Route #50,104,786.500,786.500,0,0,0.500,0,,AGV-1
AGV Route #50,105,787.000,787.000,0,0,0,28.700,,
AGV Route #50,106,815.700,815.700,3.000,0,0,0,,AGV-1
AGV Route #50,107,818.700,818.700,0,0,0,0.100,,AGV-1
AGV Route #50,108,818.800,818.800,3.000,0,0,0,39,AGV-1
AGV Route #50,109,821.800,821.800,0,0,0,4.200,,AGV-1
AGV Route #50,110,826.000,826.000,3.000,0,0,0,40,AGV-1
AGV Route #50,111,829.000,829.000,0,0.100,0,0,,AGV-1
AGV Route #50,112,829.100,829.100,0,0,0.500,0,,AGV-1
AGV Route #50,113,829.600,829.600,0,0,0,20.200,,
AGV Route #51,1,249.800,249.800,0,0,0,2.600,,
AGV Route #51,2,252.400,252.400,3.000,0,0,0,,AGV-1
AGV Route #51,3,255.400,255.400,0,0.100,0,0,,AGV-1
AGV Route #51,4,255.500,255.500,0,0,0.500,0,,AGV-1
AGV Route #51,5,256.000,256.000,0,0,0,39.000,,
AGV Route #51,6,295.000,295.000,3.000,0,0,0,,AGV-1
AGV Route #51,7,298.000,298.000,0,0.100,0,0,,AGV-1
AGV Route #51,8,298.100,298.100,0,0,0.500,0,,AGV-1
AGV Route #51,9,298.600,298.600,0,0,0,39.000,,
AGV Route #51,10,337.600,337.600,3.000,0,0,0,,AGV-1
AGV Route #51,11,340.600,340.600,0,0.100,0,0,,AGV-1
AGV Route #51,12,340.700,340.700,0,0,0.500,0,,AGV-1
AGV Route #51,13,341.200,341.200,0,0,0,39.000,,
AGV Route #51,14,380.200,380.200,3.000,0,0,0,,AGV-1
AGV Route #51,15,383.200,383.200,0,0.100,0,0,,AGV-1
AGV Route #51,16,383.300,383.300,0,0,0.500,0,,AGV-1
AGV Route #51,17,383.800,383.800,0,0,0,39.000,,
AGV Route #51,18,422.800,422.800,3.000,0,0,0,,AGV-1
AGV Route #51,19,425.800,425.800,0,0.100,0,0,,AGV-1
AGV Route #51,20,425.900,425.900,0,0,0.500,0,,AGV-1
AGV Route #51,21,426.400,426.400,0,0,0,39.000,,
AGV Route #51,22,465.400,465.400,3.000,0,0,0,,AGV-1
AGV Route #51,23,468.400,468.400,0,0.100,0,0,,AGV-1
AGV Route #51,24,468.500,468.500,0,0,0.500,0,,AGV-1
AGV Route #51,25,469.000,469.000,0,0,0,39.000,,
AGV Route #51,26,508.000,508.000,3.000,0,0,0,,AGV-1
AGV Route #51,27,511.000,511.000,0,0.100,0,0,,AGV-1
AGV Route #51,28,511.100,511.100,0,0,0.500,0,,AGV-1
AGV Route #51,29,511.600,511.600,0,0,0,39.000,,
AGV Route #51,30,550.600,550.600,3.000,0,0,0,,AGV-1
AGV Route #51,31,553.600,553.600,0,0.100,0,0,,AGV-1
AGV Route #51,32,553.700,553.700,0,0,0.500,0,,AGV-1
AGV Route #51,33,554.200,554.200,0,0,0,39.000,,
AGV Route #51,34,593.200,593.200,3.000,0,0,0,,AGV-1
AGV Route #51,35,596.200,596.200,0,0.100,0,0,,AGV-1
AGV Route #51,36,596.300,596.300,0,0,0.500,0,,AGV-1
AGV Route #51,37,596.800,596.800,0,0,0,39.000,,
AGV Route #51,38,635.800,635.800,3.000,0,0,0,,AGV-1
AGV Route #51,39,638.800,638.800,0,0.100,0,0,,AGV-1
AGV Route #51,40,638.900,638.900,0,0,0.500,0,,AGV-1
AGV Route #51,41,639.400,639.400,0,0,0,39.000,,
AGV Route #51,42,678.400,678.400,3.000,0,0,0,,AGV-1
AGV Route #51,43,681.400,681.400,0,0.100,0,0,,AGV-1
AGV Route #51,44,681.500,681.500,0,0,0.500,0,,AGV-1
AGV Route #51,45,682.000,682.000,0,0,0,39.000,,
AGV Route #51,46,721.000,721.000,3.000,0,0,0,,AGV-1
AGV Route #51,47,724.000,724.000,0,0.100,0,0,,AGV-1
AGV Route #51,48,724.100,724.100,0,0,0.500,0,,AGV-1
AGV Route #51,49,724.600,724.600,0,0,0,39.000,,
AGV Route #51,50,763.600,763.600,3.000,0,0,0,,AGV-1
AGV Route #51,51,766.600,766.600,0,0.100,0,0,,AGV-1
AGV Route #51,52,766.700,766.700,0,0,0.500,0,,AGV-1
AGV Route #51,53,767.200,767.200,0,0,0,39.000,,
AGV Route #51,54,806.200,806.200,3.000,0,0,0,,AGV-1
AGV Route #51,55,809.200,809.200,0,0.100,0,0,,AGV-1
AGV Route #51,56,809.300,809.300,0,0,0.500,0,,AGV-1
AGV Route #51,57,809.800,809.800,0,0,0,39.000,,
AGV Route #51,58,848.800,848.800,1.000,0,0,0,,AGV-1
Equipment #53,1,249.800,249.800,1.500,0,0,0,12,
Equipment #53,2,251.300,251.300,0,0.100,0,0,12,
Equipment #53,3,251.400,251.400,0,0,2.000,0,12,
Equipment #53,4,253.400,253.400,0,0,0,0.100,12,
Equipment #53,5,253.500,253.500,0,0,0,28.200,,
Equipment #53,6,281.700,281.700,5.000,0,0,0,13,
Equipment #53,7,286.700,286.700,0,0.100,0,0,13,
Equipment #53,8,286.800,286.800,0,0,3.000,0,13,
Equipment #53,9,289.800,289.800,0,0,0,0.100,13,
Equipment #53,10,289.900,289.900,4.000,0,0,0,14,
Equipment #53,11,293.900,293.900,0,0.100,0,0,14,
Equipment #53,12,294.000,294.000,0,0,2.000,0,14,
Equipment #53,13,296.000,296.000,0,0,0,0.100,14,
Equipment #53,14,296.100,296.100,0,0,0,28.200,,
Equipment #53,15,324.300,324.300,5.000,0,0,0,15,
Equipment #53,16,329.300,329.300,0,0.100,0,0,15,
Equipment #53,17,329.400,329.400,0,0,3.000,0,15,
Equipment #53,18,332.400,332.400,0,0,0,0.100,15,
Equipment #53,19,332.500,332.500,4.000,0,0,0,16,
Equipment #53,20,336.500,336.500,0,0.100,0,0,16,
Equipment #53,21,336.600,336.600,0,0,2.000,0,16,
Equipment #53,22,338.600,338.600,0,0,0,0.100,16,
Equipment #53,23,338.700,338.700,0,0,0,28.200,,
Equipment #53,24,366.900,366.900,5.000,0,0,0,17,
Equipment #53,25,371.900,371.900,0,0.100,0,0,17,
Equipment #53,26,372.000,372.000,0,0,3.000,0,17,
Equipment #53,27,375.000,375.000,0,0,0,0.100,17,
Equipment #53,28,375.100,375.100,4.000,0,0,0,18,
Equipment #53,29,379.100,379.100,0,0.100,0,0,18,
Equipment #53,30,379.200,379.200,0,0,2.000,0,18,
Equipment #53,31,381.200,381.200,0,0,0,0.100,18,
Equipment #53,32,381.300,381.300,0,0,0,28.200,,
Equipment #53,33,409.500,409.500,5.000,0,0,0,19,
Equipment #53,34,414.500,414.500,0,0.100,0,0,19,
Equipment #53,35,414.600,414.600,0,0,3.000,0,19,
Equipment #53,36,417.600,417.600,0,0,0,0.100,19,
Equipment #53,37,417.700,417.700,4.000,0,0,0,20,
Equipment #53,38,421.700,421.700,0,0.100,0,0,20,
Equipment #53,39,421.800,421.800,0,0,2.000,0,20,
Equipment #53,40,423.800,423.800,0,0,0,0.100,20,
Equipment #53,41,423.900,423.900,0,0,0,28.200,,
Equipment #53,42,452.100,452.100,5.000,0,0,0,21,
Equipment #53,43,457.100,457.100,0,0.100,0,0,21,
Equipment #53,44,457.200,457.200,0,0,3.000,0,21,
Equipment #53,45,460.200,460.200,0,0,0,0.100,21,
Equipment #53,46,460.300,460.300,4.000,0,0,0,22,
Equipment #53,47,464.300,464.300,0,0.100,0,0,22,
Equipment #53,48,464.400,464.400,0,0,2.000,0,22,
Equipment #53,49,466.400,466.400,0,0,0,0.100,22,
Equipment #53,50,466.500,466.500,0,0,0,28.200,,
Equipment #53,51,494.700,494.700,5.000,0,0,0,23,
Equipment #53,52,499.700,499.700,0,0.100,0,0,23,
Equipment #53,53,499.800,499.800,0,0,3.000,0,23,
Equipment #53,54,502.800,502.800,0,0,0,0.100,23,
Equipment #53,55,502.900,502.900,4.000,0,0,0,24,
Equipment #53,56,506.900,506.900,0,0.100,0,0,24,
Equipment #53,57,507.000,507.000,0,0,2.000,0,24,
Equipment #53,58,509.000,509.000,0,0,0,0.100,24,
Equipment #53,59,509.100,509.100,0,0,0,28.200,,
Equipment #53,60,537.300,537.300,5.000,0,0,0,25,
Equipment #53,61,542.300,542.300,0,0.100,0,0,25,
Equipment #53,62,542.400,542.400,0,0,3.000,0,25,
Equipment #53,63,545.400,545.400,0,0,0,0.100,25,
Equipment #53,64,545.500,545.500,4.000,0,0,0,26,
Equipment #53,65,549.500,549.500,0,0.100,0,0,26,
Equipment #53,66,549.600,549.600,0,0,2.000,0,26,
Equipment #53,67,551.600,551.600,0,0,0,0.100,26,
Equipment #53,68,551.700,551.700,0,0,0,28.200,,
Equipment #53,69,579.900,579.900,5.000,0,0,0,27,
Equipment #53,70,584.900,584.900,0,0.100,0,0,27,
Equipment #53,71,585.000,585.000,0,0,3.000,0,27,
Equipment #53,72,588.000,588.000,0,0,0,0.100,27,
Equipment #53,73,588.100,588.100,4.000,0,0,0,28,
Equipment #53,74,592.100,592.100,0,0.100,0,0,28,
Equipment #53,75,592.200,592.200,0,0,2.000,0,28,
Equipment #53,76,594.200,594.200,0,0,0,0.100,28,
Equipment #53,77,594.300,594.300,0,0,0,28.200,,
Equipment #53,78,622.500,622.500,5.000,0,0,0,29,
Equipment #53,79,627.500,627.500,0,0.100,0,0,29,
Equipment #53,80,627.600,627.600,0,0,3.000,0,29,
Equipment #53,81,630.600,630.600,0,0,0,0.100,29,
Equipment #53,82,630.700,630.700,4.000,0,0,0,30,
Equipment #53,83,634.700,634.700,0,0.100,0,0,30,
Equipment #53,84,634.800,634.800,0,0,2.000,0,30,
Equipment #53,85,636.800,636.800,0,0,0,0.100,30,
Equipment #53,86,636.900,636.900,0,0,0,28.200,,
Equipment #53,87,665.100,665.100,5.000,0,0,0,31,
Equipment #53,88,670.100,670.100,0,0.100,0,0,31,
Equipment #53,89,670.200,670.200,0,0,3.000,0,31,
Equipment #53,90,673.200,673.200,0,0,0,0.100,31,
Equipment #53,91,673.300,673.300,4.000,0,0,0,32,
Equipment #53,92,677.300,677.300,0,0.100,0,0,32,
Equipment #53,93,677.400,677.400,0,0,2.000,0,32,
Equipment #53,94,679.400,679.400,0,0,0,0.100,32,
Equipment #53,95,679.500,679.500,0,0,0,28.200,,
Equipment #53,96,707.700,707.700,5.000,0,0,0,33,
Equipment #53,97,712.700,712.700,0,0.100,0,0,33,
Equipment #53,98,712.800,712.800,0,0,3.000,0,33,
Equipment #53,99,715.800,715.800,0,0,0,0.100,33,
Equipment #53,100,715.900,715.900,4.000,0,0,0,34,
Equipment #53,101,719.900,719.900,0,0.100,0,0,34,
Equipment #53,102,720.000,720.000,0,0,2.000,0,34,
Equipment #53,103,722.000,722.000,0,0,0,0.100,34,
Equipment #53,104,722.100,722.100,0,0,0,28.200,,
Equipment #53,105,750.300,750.300,5.000,0,0,0,35,
Equipment #53,106,755.300,755.300,0,0.100,0,0,35,
Equipment #53,107,755.400,755.400,0,0,3.000,0,35,
Equipment #53,108,758.400,758.400,0,0,0,0.100,35,
Equipment #53,109,758.500,758.500,4.000,0,0,0,36,
Equipment #53,110,762.500,762.500,0,0.100,0,0,36,
Equipment #53,111,762.600,762.600,0,0,2.000,0,36,
Equipment #53,112,764.600,764.600,0,0,0,0.100,36,
Equipment #53,113,764.700,764.700,0,0,0,28.200,,
Equipment #53,114,792.900,792.900,5.000,0,0,0,37,
Equipment #53,115,797.900,797.900,0,0.100,0,0,37,
Equipment #53,116,798.000,798.000,0,0,3.000,0,37,
Equipment #53,117,801.000,801.000,0,0,0,0.100,37,
Equipment #53,118,801.100,801.100,4.000,0,0,0,38,
Equipment #53,119,805.100,805.100,0,0.100,0,0,38,
Equipment #53,120,805.200,805.200,0,0,2.000,0,38,
Equipment #53,121,807.200,807.200,0,0,0,0.100,38,
Equipment #53,122,807.300,807.300,0,0,0,28.200,,
Equipment #53,123,835.500,835.500,5.000,0,0,0,39,
Equipment #53,124,840.500,840.500,0,0.100,0,0,39,
Equipment #53,125,840.600,840.600,0,0,3.000,0,39,
Equipment #53,126,843.600,843.600,0,0,0,0.100,39,
Equipment #53,127,843.700,843.700,4.000,0,0,0,40,
Equipment #53,128,847.700,847.700,0,0.100,0,0,40,
Equipment #53,129,847.800,847.800,0,0,2.000,0,40,
Sink #55,1,249.800,249.800,0,0,0,0,11,
Sink #55,2,251.400,251.400,0,0,0,0,12,
Sink #55,3,286.800,286.800,0,0,0,0,13,
Sink #55,4,294.000,294.000,0,0,0,0,14,
Sink #55,5,329.400,329.400,0,0,0,0,15,
Sink #55,6,336.600,336.600,0,0,0,0,16,
Sink #55,7,372.000,372.000,0,0,0,0,17,
Sink #55,8,379.200,379.200,0,0,0,0,18,
Sink #55,9,414.600,414.600,0,0,0,0,19,
Sink #55,10,421.800,421.800,0,0,0,0,20,
Sink #55,11,457.200,457.200,0,0,0,0,21,
Sink #55,12,464.400,464.400,0,0,0,0,22,
Sink #55,13,499.800,499.800,0,0,0,0,23,
Sink #55,14,507.000,507.000,0,0,0,0,24,
Sink #55,15,542.400,542.400,0,0,0,0,25,
Sink #55,16,549.600,549.600,0,0,0,0,26,
Sink #55,17,585.000,585.000,0,0,0,0,27,
Sink #55,18,592.200,592.200,0,0,0,0,28,
Sink #55,19,627.600,627.600,0,0,0,0,29,
Sink #55,20,634.800,634.800,0,0,0,0,30,
Sink #55,21,670.200,670.200,0,0,0,0,31,
Sink #55,22,677.400,677.400,0,0,0,0,32,
Sink #55,23,712.800,712.800,0,0,0,0,33,
Sink #55,24,720.000,720.000,0,0,0,0,34,
Sink #55,25,755.400,755.400,0,0,0,0,35,
Sink #55,26,762.600,762.600,0,0,0,0,36,
Sink #55,27,798.000,798.000,0,0,0,0,37,
Sink #55,28,805.200,805.200,0,0,0,0,38,
Sink #55,29,840.600,840.600,0,0,0,0,39,
Sink #55,30,847.800,847.800,0,0,0,0,40,
AGV Route #56,1,249.800,249.800,0,0,0,17.100,,
AGV Route #56,2,266.900,266.900,3.000,0,0,0,,AGV-2
AGV Route #56,3,269.900,269.900,0,0.100,0,0,,AGV-2
AGV Route #56,4,270.000,270.000,0,0,0.500,0,,AGV-2
AGV Route #56,5,270.500,270.500,0,0,0,23.400,,
AGV Route #56,6,293.900,293.900,3.000,0,0,0,,AGV-2
AGV Route #56,7,296.900,296.900,0,0.100,0,0,,AGV-2
AGV Route #56,8,297.000,297.000,0,0,0.500,0,,AGV-2
AGV Route #56,9,297.500,297.500,0,0,0,23.400,,
AGV Route #56,10,320.900,320.900,3.000,0,0,0,,AGV-2
AGV Route #56,11,323.900,323.900,0,0.100,0,0,,AGV-2
AGV Route #56,12,324.000,324.000,0,0,0.500,0,,AGV-2
AGV Route #56,13,324.500,324.500,0,0,0,23.400,,
AGV Route #56,14,347.900,347.900,3.000,0,0,0,,AGV-2
AGV Route #56,15,350.900,350.900,0,0.100,0,0,,AGV-2
AGV Route #56,16,351.000,351.000,0,0,0.500,0,,AGV-2
AGV Route #56,17,351.500,351.500,0,0,0,23.400,,
AGV Route #56,18,374.900,374.900,3.000,0,0,0,,AGV-2
AGV Route #56,19,377.900,377.900,0,0.100,0,0,,AGV-2
AGV Route #56,20,378.000,378.000,0,0,0.500,0,,AGV-2
AGV Route #56,21,378.500,378.500,0,0,0,23.400,,
AGV Route #56,22,401.900,401.900,3.000,0,0,0,,AGV-2
AGV Route #56,23,404.900,404.900,0,0.100,0,0,,AGV-2
AGV Route #56,24,405.000,405.000,0,0,0.500,0,,AGV-2
AGV Route #56,25,405.500,405.500,0,0,0,23.400,,
AGV Route #56,26,428.900,428.900,3.000,0,0,0,,AGV-2
AGV Route #56,27,431.900,431.900,0,0.100,0,0,,AGV-2
AGV Route #56,28,432.000,432.000,0,0,0.500,0,,AGV-2
AGV Route #56,29,432.500,432.500,0,0,0,23.400,,
AGV Route #56,30,455.900,455.900,3.000,0,0,0,,AGV-2
AGV Route #56,31,458.900,458.900,0,0.100,0,0,,AGV-2
AGV Route #56,32,459.000,459.000,0,0,0.500,0,,AGV-2
AGV Route #56,33,459.500,459.500,0,0,0,23.400,,
AGV Route #56,34,482.900,482.900,3.000,0,0,0,,AGV-2
AGV Route #56,35,485.900,485.900,0,0.100,0,0,,AGV-2
AGV Route #56,36,486.000,486.000,0,0,0.500,0,,AGV-2
AGV Route #56,37,486.500,486.500,0,0,0,23.400,,
AGV Route #56,38,509.900,509.900,3.000,0,0,0,,AGV-2
AGV Route #56,39,512.900,512.900,0,0.100,0,0,,AGV-2
AGV Route #56,40,513.000,513.000,0,0,0.500,0,,AGV-2
AGV Route #56,41,513.500,513.500,0,0,0,23.400,,
AGV Route #56,42,536.900,536.900,3.000,0,0,0,,AGV-2
AGV Route #56,43,539.900,539.900,0,0.100,0,0,,AGV-2
AGV Route #56,44,540.000,540.000,0,0,0.500,0,,AGV-2
AGV Route #56,45,540.500,540.500,0,0,0,23.400,,
AGV Route #56,46,563.900,563.900,3.000,0,0,0,,AGV-2
AGV Route #56,47,566.900,566.900,0,0.100,0,0,,AGV-2
AGV Route #56,48,567.000,567.000,0,0,0.500,0,,AGV-2
AGV Route #56,49,567.500,567.500,0,0,0,23.400,,
AGV Route #56,50,590.900,590.900,3.000,0,0,0,,AGV-2
AGV Route #56,51,593.900,593.900,0,0.100,0,0,,AGV-2
AGV Route #56,52,594.000,594.000,0,0,0.500,0,,AGV-2
AGV Route #56,53,594.500,594.500,0,0,0,23.400,,
AGV Route #56,54,617.900,617.900,3.000,0,0,0,,AGV-2
AGV Route #56,55,620.900,620.900,0,0.100,0,0,,AGV-2
AGV Route #56,56,621.000,621.000,0,0,0.500,0,,AGV-2
AGV Route #56,57,621.500,621.500,0,0,0,23.400,,
AGV Route #56,58,644.900,644.900,3.000,0,0,0,,AGV-2
AGV Route #56,59,647.900,647.900,0,0.100,0,0,,AGV-2
AGV Route #56,60,648.000,648.000,0,0,0.500,0,,AGV-2
AGV Route #56,61,648.500,648.500,0,0,0,23.400,,
AGV Route #56,62,671.900,671.900,3.000,0,0,0,,AGV-2
AGV Route #56,63,674.900,674.900,0,0.100,0,0,,AGV-2
AGV Route #56,64,675.000,675.000,0,0,0.500,0,,AGV-2
AGV Route #56,65,675.500,675.500,0,0,0,23.400,,
AGV Route #56,66,698.900,698.900,3.000,0,0,0,,AGV-2
AGV Route #56,67,701.900,701.900,0,0.100,0,0,,AGV-2
AGV Route #56,68,702.000,702.000,0,0,0.500,0,,AGV-2
AGV Route #56,69,702.500,702.500,0,0,0,23.400,,
AGV Route #56,70,725.900,725.900,3.000,0,0,0,,AGV-2
AGV Route #56,71,728.900,728.900,0,0.100,0,0,,AGV-2
AGV Route #56,72,729.000,729.000,0,0,0.500,0,,AGV-2
AGV Route #56,73,729.500,729.500,0,0,0,23.400,,
AGV Route #56,74,752.900,752.900,3.000,0,0,0,,AGV-2
AGV Route #56,75,755.900,755.900,0,0.100,0,0,,AGV-2
AGV Route #56,76,756.000,756.000,0,0,0.500,0,,AGV-2
AGV Route #56,77,756.500,756.500,0,0,0,23.400,,
AGV Route #56,78,779.900,779.900,3.000,0,0,0,,AGV-2
AGV Route #56,79,782.900,782.900,0,0.100,0,0,,AGV-2
AGV Route #56,80,783.000,783.000,0,0,0.500,0,,AGV-2
AGV Route #56,81,783.500,783.500,0,0,0,23.400,,
AGV Route #56,82,806.900,806.900,3.000,0,0,0,,AGV-2
AGV Route #56,83,809.900,809.900,0,0.100,0,0,,AGV-2
AGV Route #56,84,810.000,810.000,0,0,0.500,0,,AGV-2
AGV Route #56,85,810.500,810.500,0,0,0,23.400,,
AGV Route #56,86,833.900,833.900,3.000,0,0,0,,AGV-2
AGV Route #56,87,836.900,836.900,0,0.100,0,0,,AGV-2
AGV Route #56,88,837.000,837.000,0,0,0.500,0,,AGV-2
AGV Route #56,89,837.500,837.500,0,0,0,12.300,,
AGV Route #57,1,249.800,249.800,0,0,0,5.700,,
AGV Route #57,2,255.500,255.500,3.000,0,0,0,,AGV-2
AGV Route #57,3,258.500,258.500,0,0.100,0,0,,AGV-2
AGV Route #57,4,258.600,258.600,0,0,0.500,0,,AGV-2
AGV Route #57,5,259.100,259.100,0,0,0,23.400,,
AGV Route #57,6,282.500,282.500,3.000,0,0,0,,AGV-2
AGV Route #57,7,285.500,285.500,0,0.100,0,0,,AGV-2
AGV Route #57,8,285.600,285.600,0,0,0.500,0,,AGV-2
AGV Route #57,9,286.100,286.100,0,0,0,23.400,,
AGV Route #57,10,309.500,309.500,3.000,0,0,0,,AGV-2
AGV Route #57,11,312.500,312.500,0,0.100,0,0,,AGV-2
AGV Route #57,12,312.600,312.600,0,0,0.500,0,,AGV-2
AGV Route #57,13,313.100,313.100,0,0,0,23.400,,
AGV Route #57,14,336.500,336.500,3.000,0,0,0,,AGV-2
AGV Route #57,15,339.500,339.500,0,0.100,0,0,,AGV-2
AGV Route #57,16,339.600,339.600,0,0,0.500,0,,AGV-2
AGV Route #57,17,340.100,340.100,0,0,0,23.400,,
AGV Route #57,18,363.500,363.500,3.000,0,0,0,,AGV-2
AGV Route #57,19,366.500,366.500,0,0.100,0,0,,AGV-2
AGV Route #57,20,366.600,366.600,0,0,0.500,0,,AGV-2
AGV Route #57,21,367.100,367.100,0,0,0,23.400,,
AGV Route #57,22,390.500,390.500,3.000,0,0,0,,AGV-2
AGV Route #57,23,393.500,393.500,0,0.100,0,0,,AGV-2
AGV Route #57,24,393.600,393.600,0,0,0.500,0,,AGV-2
AGV Route #57,25,394.100,394.100,0,0,0,23.400,,
AGV Route #57,26,417.500,417.500,3.000,0,0,0,,AGV-2
AGV Route #57,27,420.500,420.500,0,0.100,0,0,,AGV-2
AGV Route #57,28,420.600,420.600,0,0,0.500,0,,AGV-2
AGV Route #57,29,421.100,421.100,0,0,0,23.400,,
AGV Route #57,30,444.500,444.500,3.000,0,0,0,,AGV-2
AGV Route #57,31,447.500,447.500,0,0.100,0,0,,AGV-2
AGV Route #57,32,447.600,447.600,0,0,0.500,0,,AGV-2
AGV Route #57,33,448.100,448.100,0,0,0,23.400,,
AGV Route #57,34,471.500,471.500,3.000,0,0,0,,AGV-2
AGV Route #57,35,474.500,474.500,0,0.100,0,0,,AGV-2
AGV Route #57,36,474.600,474.600,0,0,0.500,0,,AGV-2
AGV Route #57,37,475.100,475.100,0,0,0,23.400,,
AGV Route #57,38,498.500,498.500,3.000,0,0,0,,AGV-2
AGV Route #57,39,501.500,501.500,0,0.100,0,0,,AGV-2
AGV Route #57,40,501.600,501.600,0,0,0.500,0,,AGV-2
AGV Route #57,41,502.100,502.100,0,0,0,23.400,,
AGV Route #57,42,525.500,525.500,3.000,0,0,0,,AGV-2
AGV Route #57,43,528.500,528.500,0,0.100,0,0,,AGV-2
AGV Route #57,44,528.600,528.600,0,0,0.500,0,,AGV-2
AGV Route #57,45,529.100,529.100,0,0,0,23.400,,
AGV Route #57,46,552.500,552.500,3.000,0,0,0,,AGV-2
AGV Route #57,47,555.500,555.500,0,0.100,0,0,,AGV-2
AGV Route #57,48,555.600,555.600,0,0,0.500,0,,AGV-2
AGV Route #57,49,556.100,556.100,0,0,0,23.400,,
AGV Route #57,50,579.500,579.500,3.000,0,0,0,,AGV-2
AGV Route #57,51,582.500,582.500,0,0.100,0,0,,AGV-2
AGV Route #57,52,582.600,582.600,0,0,0.500,0,,AGV-2
AGV Route #57,53,583.100,583.100,0,0,0,23.400,,
AGV Route #57,54,606.500,606.500,3.000,0,0,0,,AGV-2
AGV Route #57,55,609.500,609.500,0,0.100,0,0,,AGV-2
AGV Route #57,56,609.600,609.600,0,0,0.500,0,,AGV-2
AGV Route #57,57,610.100,610.100,0,0,0,23.400,,
AGV Route #57,58,633.500,633.500,3.000,0,0,0,,AGV-2
AGV Route #57,59,636.500,636.500,0,0.100,0,0,,AGV-2
AGV Route #57,60,636.600,636.600,0,0,0.500,0,,AGV-2
AGV Route #57,61,637.100,637.100,0,0,0,23.400,,
AGV Route #57,62,660.500,660.500,3.000,0,0,0,,AGV-2
AGV Route #57,63,663.500,663.500,0,0.100,0,0,,AGV-2
AGV Route #57,64,663.600,663.600,0,0,0.500,0,,AGV-2
AGV Route #57,65,664.100,664.100,0,0,0,23.400,,
AGV Route #57,66,687.500,687.500,3.000,0,0,0,,AGV-2
AGV Route #57,67,690.500,690.500,0,0.100,0,0,,AGV-2
AGV Route #57,68,690.600,690.600,0,0,0.500,0,,AGV-2
AGV Route #57,69,691.100,691.100,0,0,0,23.400,,
AGV Route #57,70,714.500,714.500,3.000,0,0,0,,AGV-2
AGV Route #57,71,717.500,717.500,0,0.100,0,0,,AGV-2
AGV Route #57,72,717.600,717.600,0,0,0.500,0,,AGV-2
AGV Route #57,73,718.100,718.100,0,0,0,23.400,,
AGV Route #57,74,741.500,741.500,3.000,0,0,0,,AGV-2
AGV Route #57,75,744.500,744.500,0,0.100,0,0,,AGV-2
AGV Route #57,76,744.600,744.600,0,0,0.500,0,,AGV-2
AGV Route #57,77,745.100,745.100,0,0,0,23.400,,
AGV Route #57,78,768.500,768.500,3.000,0,0,0,,AGV-2
AGV Route #57,79,771.500,771.500,0,0.100,0,0,,AGV-2
AGV Route #57,80,771.600,771.600,0,0,0.500,0,,AGV-2
AGV Route #57,81,772.100,772.100,0,0,0,23.400,,
AGV Route #57,82,795.500,795.500,3.000,0,0,0,,AGV-2
AGV Route #57,83,798.500,798.500,0,0.100,0,0,,AGV-2
AGV Route #57,84,798.600,798.600,0,0,0.500,0,,AGV-2
AGV Route #57,85,799.100,799.100,0,0,0,23.400,,
AGV Route #57,86,822.500,822.500,3.000,0,0,0,,AGV-2
AGV Route #57,87,825.500,825.500,0,0.100,0,0,,AGV-2
AGV Route #57,88,825.600,825.600,0,0,0.500,0,,AGV-2
AGV Route #57,89,826.100,826.100,0,0,0,23.400,,
AGV Route #57,90,849.500,849.500,0.300,0,0,0,,AGV-2
AGV Route #59,1,249.800,249.800,0,0,0,8.800,,
AGV Route #59,2,258.600,258.600,3.000,0,0,0,,AGV-2
AGV Route #59,3,261.600,261.600,0,0.100,0,0,,AGV-2
AGV Route #59,4,261.700,261.700,0,0,5.000,0,10,AGV-2
AGV Route #59,5,266.700,266.700,0,0.100,0,0,,AGV-2
AGV Route #59,6,266.800,266.800,0,0,5.000,0,,AGV-2
AGV Route #59,7,271.800,271.800,0,0,0,13.800,,
AGV Route #59,8,285.600,285.600,3.000,0,0,0,,AGV-2
AGV Route #59,9,288.600,288.600,0,0.100,0,0,,AGV-2
AGV Route #59,10,288.700,288.700,0,0,5.000,0,11,AGV-2
AGV Route #59,11,293.700,293.700,0,0.100,0,0,,AGV-2
AGV Route #59,12,293.800,293.800,0,0,5.000,0,,AGV-2
AGV Route #59,13,298.800,298.800,0,0,0,13.800,,
AGV Route #59,14,312.600,312.600,3.000,0,0,0,,AGV-2
AGV Route #59,15,315.600,315.600,0,0.100,0,0,,AGV-2
AGV Route #59,16,315.700,315.700,0,0,5.000,0,12,AGV-2
AGV Route #59,17,320.700,320.700,0,0.100,0,0,,AGV-2
AGV Route #59,18,320.800,320.800,0,0,5.000,0,,AGV-2
AGV Route #59,19,325.800,325.800,0,0,0,13.800,,
AGV Route #59,20,339.600,339.600,3.000,0,0,0,,AGV-2
AGV Route #59,21,342.600,342.600,0,0.100,0,0,,AGV-2
AGV Route #59,22,342.700,342.700,0,0,5.000,0,13,AGV-2
AGV Route #59,23,347.700,347.700,0,0.100,0,0,,AGV-2
AGV Route #59,24,347.800,347.800,0,0,5.000,0,,AGV-2
AGV Route #59,25,352.800,352.800,0,0,0,13.800,,
AGV Route #59,26,366.600,366.600,3.000,0,0,0,,AGV-2
AGV Route #59,27,369.600,369.600,0,0.100,0,0,,AGV-2
AGV Route #59,28,369.700,369.700,0,0,5.000,0,14,AGV-2
AGV Route #59,29,374.700,374.700,0,0.100,0,0,,AGV-2
AGV Route #59,30,374.800,374.800,0,0,5.000,0,,AGV-2
AGV Route #59,31,379.800,379.800,0,0,0,13.800,,
AGV Route #59,32,393.600,393.600,3.000,0,0,0,,AGV-2
AGV Route #59,33,396.600,396.600,0,0.100,0,0,,AGV-2
AGV Route #59,34,396.700,396.700,0,0,5.000,0,15,AGV-2
AGV Route #59,35,401.700,401.700,0,0.100,0,0,,AGV-2
AGV Route #59,36,401.800,401.800,0,0,5.000,0,,AGV-2
AGV Route #59,37,406.800,406.800,0,0,0,13.800,,
AGV Route #59,38,420.600,420.600,3.000,0,0,0,,AGV-2
AGV Route #59,39,423.600,423.600,0,0.100,0,0,,AGV-2
AGV Route #59,40,423.700,423.700,0,0,5.000,0,16,AGV-2
AGV Route #59,41,428.700,428.700,0,0.100,0,0,,AGV-2
AGV Route #59,42,428.800,428.800,0,0,5.000,0,,AGV-2
AGV Route #59,43,433.800,433.800,0,0,0,13.800,,
AGV Route #59,44,447.600,447.600,3.000,0,0,0,,AGV-2
AGV Route #59,45,450.600,450.600,0,0.100,0,0,,AGV-2
AGV Route #59,46,450.700,450.700,0,0,5.000,0,17,AGV-2
AGV Route #59,47,455.700,455.700,0,0.100,0,0,,AGV-2
AGV Route #59,48,455.800,455.800,0,0,5.000,0,,AGV-2
AGV Route #59,49,460.800,460.800,0,0,0,13.800,,
AGV Route #59,50,474.600,474.600,3.000,0,0,0,,AGV-2
AGV Route #59,51,477.600,477.600,0,0.100,0,0,,AGV-2
AGV Route #59,52,477.700,477.700,0,0,5.000,0,18,AGV-2
AGV Route #59,53,482.700,482.700,0,0.100,0,0,,AGV-2
AGV Route #59,54,482.800,482.800,0,0,5.000,0,,AGV-2
AGV Route #59,55,487.800,487.800,0,0,0,13.800,,
AGV Route #59,56,501.600,501.600,3.000,0,0,0,,AGV-2
AGV Route #59,57,504.600,504.600,0,0.100,0,0,,AGV-2
AGV Route #59,58,504.700,504.700,0,0,5.000,0,19,AGV-2
AGV Route #59,59,509.700,509.700,0,0.100,0,0,,AGV-2
AGV Route #59,60,509.800,509.800,0,0,5.000,0,,AGV-2
AGV Route #59,61,514.800,514.800,0,0,0,13.800,,
AGV Route #59,62,528.600,528.600,3.000,0,0,0,,AGV-2
AGV Route #59,63,531.600,531.600,0,0.100,0,0,,AGV-2
AGV Route #59,64,531.700,531.700,0,0,5.000,0,20,AGV-2
AGV Route #59,65,536.700,536.700,0,0.100,0,0,,AGV-2
AGV Route #59,66,536.800,536.800,0,0,5.000,0,,AGV-2
AGV Route #59,67,541.800,541.800,0,0,0,13.800,,
AGV Route #59,68,555.600,555.600,3.000,0,0,0,,AGV-2
AGV Route #59,69,558.600,558.600,0,0.100,0,0,,AGV-2
AGV Route #59,70,558.700,558.700,0,0,5.000,0,21,AGV-2
AGV Route #59,71,563.700,563.700,0,0.100,0,0,,AGV-2
AGV Route #59,72,563.800,563.800,0,0,5.000,0,,AGV-2
AGV Route #59,73,568.800,568.800,0,0,0,13.800,,
AGV Route #59,74,582.600,582.600,3.000,0,0,0,,AGV-2
AGV Route #59,75,585.600,585.600,0,0.100,0,0,,AGV-2
AGV Route #59,76,585.700,585.700,0,0,5.000,0,22,AGV-2
AGV Route #59,77,590.700,590.700,0,0.100,0,0,,AGV-2
AGV Route #59,78,590.800,590.800,0,0,5.000,0,,AGV-2
AGV Route #59,79,595.800,595.800,0,0,0,13.800,,
AGV Route #59,80,609.600,609.600,3.000,0,0,0,,AGV-2
AGV Route #59,81,612.600,612.600,0,0.100,0,0,,AGV-2
AGV Route #59,82,612.700,612.700,0,0,5.000,0,23,AGV-2
AGV Route #59,83,617.700,617.700,0,0.100,0,0,,AGV-2
AGV Route #59,84,617.800,617.800,0,0,5.000,0,,AGV-2
AGV Route #59,85,622.800,622.800,0,0,0,13.800,,
AGV Route #59,86,636.600,636.600,3.000,0,0,0,,AGV-2
AGV Route #59,87,639.600,639.600,0,0.100,0,0,,AGV-2
AGV Route #59,88,639.700,639.700,0,0,5.000,0,24,AGV-2
AGV Route #59,89,644.700,644.700,0,0.100,0,0,,AGV-2
AGV Route #59,90,644.800,644.800,0,0,5.000,0,,AGV-2
AGV Route #59,91,649.800,649.800,0,0,0,13.800,,
AGV Route #59,92,663.600,663.600,3.000,0,0,0,,AGV-2
AGV Route #59,93,666.600,666.600,0,0.100,0,0,,AGV-2
AGV Route #59,94,666.700,666.700,0,0,5.000,0,25,AGV-2
AGV Route #59,95,671.700,671.700,0,0.100,0,0,,AGV-2
AGV Route #59,96,671.800,671.800,0,0,5.000,0,,AGV-2
AGV Route #59,97,676.800,676.800,0,0,0,13.800,,
AGV Route #59,98,690.600,690.600,3.000,0,0,0,,AGV-2
AGV Route #59,99,693.600,693.600,0,0.100,0,0,,AGV-2
AGV Route #59,100,693.700,693.700,0,0,5.000,0,26,AGV-2
AGV Route #59,101,698.700,698.700,0,0.100,0,0,,AGV-2
AGV Route #59,102,698.800,698.800,0,0,5.000,0,,AGV-2
AGV Route #59,103,703.800,703.800,0,0,0,13.800,,
AGV Route #59,104,717.600,717.600,3.000,0,0,0,,AGV-2
AGV Route #59,105,720.600,720.600,0,0.100,0,0,,AGV-2
AGV Route #59,106,720.700,720.700,0,0,5.000,0,27,AGV-2
AGV Route #59,107,725.700,725.700,0,0.100,0,0,,AGV-2
AGV Route #59,108,725.800,725.800,0,0,5.000,0,,AGV-2
AGV Route #59,109,730.800,730.800,0,0,0,13.800,,
AGV Route #59,110,744.600,744.600,3.000,0,0,0,,AGV-2
AGV Route #59,111,747.600,747.600,0,0.100,0,0,,AGV-2
AGV Route #59,112,747.700,747.700,0,0,5.000,0,28,AGV-2
AGV Route #59,113,752.700,752.700,0,0.100,0,0,,AGV-2
AGV Route #59,114,752.800,752.800,0,0,5.000,0,,AGV-2
AGV Route #59,115,757.800,757.800,0,0,0,13.800,,
AGV Route #59,116,771.600,771.600,3.000,0,0,0,,AGV-2
AGV Route #59,117,774.600,774.600,0,0.100,0,0,,AGV-2
AGV Route #59,118,774.700,774.700,0,0,5.000,0,29,AGV-2
AGV Route #59,119,779.700,779.700,0,0.100,0,0,,AGV-2
AGV Route #59,120,779.800,779.800,0,0,5.000,0,,AGV-2
AGV Route #59,121,784.800,784.800,0,0,0,13.800,,
AGV Route #59,122,798.600,798.600,3.000,0,0,0,,AGV-2
AGV Route #59,123,801.600,801.600,0,0.100,0,0,,AGV-2
AGV Route #59,124,801.700,801.700,0,0,5.000,0,30,AGV-2
AGV Route #59,125,806.700,806.700,0,0.100,0,0,,AGV-2
AGV Route #59,126,806.800,806.800,0,0,5.000,0,,AGV-2
AGV Route #59,127,811.800,811.800,0,0,0,13.800,,
AGV Route #59,128,825.600,825.600,3.000,0,0,0,,AGV-2
AGV Route #59,129,828.600,828.600,0,0.100,0,0,,AGV-2
AGV Route #59,130,828.700,828.700,0,0,5.000,0,31,AGV-2
AGV Route #59,131,833.700,833.700,0,0.100,0,0,,AGV-2
AGV Route #59,132,833.800,833.800,0,0,5.000,0,,AGV-2
AGV Route #59,133,838.800,838.800,0,0,0,11.000,,
AGV Route #60,1,249.800,249.800,0,0,0,20.200,,
AGV Route #60,2,270.000,270.000,3.000,0,0,0,,AGV-2
AGV Route #60,3,273.000,273.000,0,0.100,0,0,,AGV-2
AGV Route #60,4,273.100,273.100,0,0,0.500,0,,AGV-2
AGV Route #60,5,273.600,273.600,0,0,0,23.400,,
AGV Route #60,6,297.000,297.000,3.000,0,0,0,,AGV-2
AGV Route #60,7,300.000,300.000,0,0.100,0,0,,AGV-2
AGV Route #60,8,300.100,300.100,0,0,0.500,0,,AGV-2
AGV Route #60,9,300.600,300.600,0,0,0,23.400,,
AGV Route #60,10,324.000,324.000,3.000,0,0,0,,AGV-2
AGV Route #60,11,327.000,327.000,0,0.100,0,0,,AGV-2
AGV Route #60,12,327.100,327.100,0,0,0.500,0,,AGV-2
AGV Route #60,13,327.600,327.600,0,0,0,23.400,,
AGV Route #60,14,351.000,351.000,3.000,0,0,0,,AGV-2
AGV Route #60,15,354.000,354.000,0,0.100,0,0,,AGV-2
AGV Route #60,16,354.100,354.100,0,0,0.500,0,,AGV-2
AGV Route #60,17,354.600,354.600,0,0,0,23.400,,
AGV Route #60,18,378.000,378.000,3.000,0,0,0,,AGV-2
AGV Route #60,19,381.000,381.000,0,0.100,0,0,,AGV-2
AGV Route #60,20,381.100,381.100,0,0,0.500,0,,AGV-2
AGV Route #60,21,381.600,381.600,0,0,0,23.400,,
AGV Route #60,22,405.000,405.000,3.000,0,0,0,,AGV-2
AGV Route #60,23,408.000,408.000,0,0.100,0,0,,AGV-2
AGV Route #60,24,408.100,408.100,0,0,0.500,0,,AGV-2
AGV Route #60,25,408.600,408.600,0,0,0,23.400,,
AGV Route #60,26,432.000,432.000,3.000,0,0,0,,AGV-2
AGV Route #60,27,435.000,435.000,0,0.100,0,0,,AGV-2
AGV Route #60,28,435.100,435.100,0,0,0.500,0,,AGV-2
AGV Route #60,29,435.600,435.600,0,0,0,23.400,,
AGV Route #60,30,459.000,459.000,3.000,0,0,0,,AGV-2
AGV Route #60,31,462.000,462.000,0,0.100,0,0,,AGV-2
AGV Route #60,32,462.100,462.100,0,0,0.500,0,,AGV-2
AGV Route #60,33,462.600,462.600,0,0,0,23.400,,
AGV Route #60,34,486.000,486.000,3.000,0,0,0,,AGV-2
AGV Route #60,35,489.000,489.000,0,0.100,0,0,,AGV-2
AGV Route #60,36,489.100,489.100,0,0,0.500,0,,AGV-2
AGV Route #60,37,489.600,489.600,0,0,0,23.400,,
AGV Route #60,38,513.000,513.000,3.000,0,0,0,,AGV-2
AGV Route #60,39,516.000,516.000,0,0.100,0,0,,AGV-2
AGV Route #60,40,516.100,516.100,0,0,0.500,0,,AGV-2
AGV Route #60,41,516.600,516.600,0,0,0,23.400,,
AGV Route #60,42,540.000,540.000,3.000,0,0,0,,AGV-2
AGV Route #60,43,543.000,543.000,0,0.100,0,0,,AGV-2
AGV Route #60,44,543.100,543.100,0,0,0.500,0,,AGV-2
AGV Route #60,45,543.600,543.600,0,0,0,23.400,,
AGV Route #60,46,567.000,567.000,3.000,0,0,0,,AGV-2
AGV Route #60,47,570.000,570.000,0,0.100,0,0,,AGV-2
AGV Route #60,48,570.100,570.100,0,0,0.500,0,,AGV-2
AGV Route #60,49,570.600,570.600,0,0,0,23.400,,
AGV Route #60,50,594.000,594.000,3.000,0,0,0,,AGV-2
AGV Route #60,51,597.000,597.000,0,0.100,0,0,,AGV-2
AGV Route #60,52,597.100,597.100,0,0,0.500,0,,AGV-2
AGV Route #60,53,597.600,597.600,0,0,0,23.400,,
AGV Route #60,54,621.000,621.000,3.000,0,0,0,,AGV-2
AGV Route #60,55,624.000,624.000,0,0.100,0,0,,AGV-2
AGV Route #60,56,624.100,624.100,0,0,0.500,0,,AGV-2
AGV Route #60,57,624.600,624.600,0,0,0,23.400,,
AGV Route #60,58,648.000,648.000,3.000,0,0,0,,AGV-2
AGV Route #60,59,651.000,651.000,0,0.100,0,0,,AGV-2
AGV Route #60,60,651.100,651.100,0,0,0.500,0,,AGV-2
AGV Route #60,61,651.600,651.600,0,0,0,23.400,,
AGV Route #60,62,675.000,675.000,3.000,0,0,0,,AGV-2
AGV Route #60,63,678.000,678.000,0,0.100,0,0,,AGV-2
AGV Route #60,64,678.100,678.100,0,0,0.500,0,,AGV-2
AGV Route #60,65,678.600,678.600,0,0,0,23.400,,
AGV Route #60,66,702.000,702.000,3.000,0,0,0,,AGV-2
AGV Route #60,67,705.000,705.000,0,0.100,0,0,,AGV-2
AGV Route #60,68,705.100,705.100,0,0,0.500,0,,AGV-2
AGV Route #60,69,705.600,705.600,0,0,0,23.400,,
AGV Route #60,70,729.000,729.000,3.000,0,0,0,,AGV-2
AGV Route #60,71,732.000,732.000,0,0.100,0,0,,AGV-2
AGV Route #60,72,732.100,732.100,0,0,0.500,0,,AGV-2
AGV Route #60,73,732.600,732.600,0,0,0,23.400,,
AGV Route #60,74,756.000,756.000,3.000,0,0,0,,AGV-2
AGV Route #60,75,759.000,759.000,0,0.100,0,0,,AGV-2
AGV Route #60,76,759.100,759.100,0,0,0.500,0,,AGV-2
AGV Route #60,77,759.600,759.600,0,0,0,23.400,,
AGV Route #60,78,783.000,783.000,3.000,0,0,0,,AGV-2
AGV Route #60,79,786.000,786.000,0,0.100,0,0,,AGV-2
AGV Route #60,80,786.100,786.100,0,0,0.500,0,,AGV-2
AGV Route #60,81,786.600,786.600,0,0,0,23.400,,
AGV Route #60,82,810.000,810.000,3.000,0,0,0,,AGV-2
AGV Route #60,83,813.000,813.000,0,0.100,0,0,,AGV-2
AGV Route #60,84,813.100,813.100,0,0,0.500,0,,AGV-2
AGV Route #60,85,813.600,813.600,0,0,0,23.400,,
AGV Route #60,86,837.000,837.000,3.000,0,0,0,,AGV-2
AGV Route #60,87,840.000,840.000,0,0.100,0,0,,AGV-2
AGV Route #60,88,840.100,840.100,0,0,0.500,0,,AGV-2
AGV Route #60,89,840.600,840.600,0,0,0,9.200,,
AGV Route #61,1,249.800,249.800,0,0,0,23.300,,
AGV Route #61,2,273.100,273.100,3.000,0,0,0,,AGV-2
AGV Route #61,3,276.100,276.100,0,0.100,0,0,,AGV-2
AGV Route #61,4,276.200,276.200,0,0,0.500,0,,AGV-2
AGV Route #61,5,276.700,276.700,0,0,0,23.400,,
AGV Route #61,6,300.100,300.100,3.000,0,0,0,,AGV-2
AGV Route #61,7,303.100,303.100,0,0.100,0,0,,AGV-2
AGV Route #61,8,303.200,303.200,0,0,0.500,0,,AGV-2
AGV Route #61,9,303.700,303.700,0,0,0,23.400,,
AGV Route #61,10,327.100,327.100,3.000,0,0,0,,AGV-2
AGV Route #61,11,330.100,330.100,0,0.100,0,0,,AGV-2
AGV Route #61,12,330.200,330.200,0,0,0.500,0,,AGV-2
AGV Route #61,13,330.700,330.700,0,0,0,23.400,,
AGV Route #61,14,354.100,354.100,3.000,0,0,0,,AGV-2
AGV Route #61,15,357.100,357.100,0,0.100,0,0,,AGV-2
AGV Route #61,16,357.200,357.200,0,0,0.500,0,,AGV-2
AGV Route #61,17,357.700,357.700,0,0,0,23.400,,
AGV Route #61,18,381.100,381.100,3.000,0,0,0,,AGV-2
AGV Route #61,19,384.100,384.100,0,0.100,0,0,,AGV-2
AGV Route #61,20,384.200,384.200,0,0,0.500,0,,AGV-2
AGV Route #61,21,384.700,384.700,0,0,0,23.400,,
AGV Route #61,22,408.100,408.100,3.000,0,0,0,,AGV-2
AGV Route #61,23,411.100,411.100,0,0.100,0,0,,AGV-2
AGV Route #61,24,411.200,411.200,0,0,0.500,0,,AGV-2
AGV Route #61,25,411.700,411.700,0,0,0,23.400,,
AGV Route #61,26,435.100,435.100,3.000,0,0,0,,AGV-2
AGV Route #61,27,438.100,438.100,0,0.100,0,0,,AGV-2
AGV Route #61,28,438.200,438.200,0,0,0.500,0,,AGV-2
AGV Route #61,29,438.700,438.700,0,0,0,23.400,,
AGV Route #61,30,462.100,462.100,3.000,0,0,0,,AGV-2
AGV Route #61,31,465.100,465.100,0,0.100,0,0,,AGV-2
AGV Route #61,32,465.200,465.200,0,0,0.500,0,,AGV-2
AGV Route #61,33,465.700,465.700,0,0,0,23.400,,
AGV Route #61,34,489.100,489.100,3.000,0,0,0,,AGV-2
AGV Route #61,35,492.100,492.100,0,0.100,0,0,,AGV-2
AGV Route #61,36,492.200,492.200,0,0,0.500,0,,AGV-2
AGV Route #61,37,492.700,492.700,0,0,0,23.400,,
AGV Route #61,38,516.100,516.100,3.000,0,0,0,,AGV-2
AGV Route #61,39,519.100,519.100,0,0.100,0,0,,AGV-2
AGV Route #61,40,519.200,519.200,0,0,0.500,0,,AGV-2
AGV Route #61,41,519.700,519.700,0,0,0,23.400,,
AGV Route #61,42,543.100,543.100,3.000,0,0,0,,AGV-2
AGV Route #61,43,546.100,546.100,0,0.100,0,0,,AGV-2
AGV Route #61,44,546.200,546.200,0,0,0.500,0,,AGV-2
AGV Route #61,45,546.700,546.700,0,0,0,23.400,,
AGV Route #61,46,570.100,570.100,3.000,0,0,0,,AGV-2
AGV Route #61,47,573.100,573.100,0,0.100,0,0,,AGV-2
AGV Route #61,48,573.200,573.200,0,0,0.500,0,,AGV-2
AGV Route #61,49,573.700,573.700,0,0,0,23.400,,
AGV Route #61,50,597.100,597.100,3.000,0,0,0,,AGV-2
AGV Route #61,51,600.100,600.100,0,0.100,0,0,,AGV-2
AGV Route #61,52,600.200,600.200,0,0,0.500,0,,AGV-2
AGV Route #61,53,600.700,600.700,0,0,0,23.400,,
AGV Route #61,54,624.100,624.100,3.000,0,0,0,,AGV-2
AGV Route #61,55,627.100,627.100,0,0.100,0,0,,AGV-2
AGV Route #61,56,627.200,627.200,0,0,0.500,0,,AGV-2
AGV Route #61,57,627.700,627.700,0,0,0,23.400,,
AGV Route #61,58,651.100,651.100,3.000,0,0,0,,AGV-2
AGV Route #61,59,654.100,654.100,0,0.100,0,0,,AGV-2
AGV Route #61,60,654.200,654.200,0,0,0.500,0,,AGV-2
AGV Route #61,61,654.700,654.700,0,0,0,23.400,,
AGV Route #61,62,678.100,678.100,3.000,0,0,0,,AGV-2
AGV Route #61,63,681.100,681.100,0,0.100,0,0,,AGV-2
AGV Route #61,64,681.200,681.200,0,0,0.500,0,,AGV-2
AGV Route #61,65,681.700,681.700,0,0,0,23.400,,
AGV Route #61,66,705.100,705.100,3.000,0,0,0,,AGV-2
AGV Route #61,67,708.100,708.100,0,0.100,0,0,,AGV-2
AGV Route #61,68,708.200,708.200,0,0,0.500,0,,AGV-2
AGV Route #61,69,708.700,708.700,0,0,0,23.400,,
AGV Route #61,70,732.100,732.100,3.000,0,0,0,,AGV-2
AGV Route #61,71,735.100,735.100,0,0.100,0,0,,AGV-2
AGV Route #61,72,735.200,735.200,0,0,0.500,0,,AGV-2
AGV Route #61,73,735.700,735.700,0,0,0,23.400,,
AGV Route #61,74,759.100,759.100,3.000,0,0,0,,AGV-2
AGV Route #61,75,762.100,762.100,0,0.100,0,0,,AGV-2
AGV Route #61,76,762.200,762.200,0,0,0.500,0,,AGV-2
AGV Route #61,77,762.700,762.700,0,0,0,23.400,,
AGV Route #61,78,786.100,786.100,3.000,0,0,0,,AGV-2
AGV Route #61,79,789.100,789.100,0,0.100,0,0,,AGV-2
AGV Route #61,80,789.200,789.200,0,0,0.500,0,,AGV-2
AGV Route #61,81,789.700,789.700,0,0,0,23.400,,
AGV Route #61,82,813.100,813.100,3.000,0,0,0,,AGV-2
AGV Route #61,83,816.100,816.100,0,0.100,0,0,,AGV-2
AGV Route #61,84,816.200,816.200,0,0,0.500,0,,AGV-2
AGV Route #61,85,816.700,816.700,0,0,0,23.400,,
AGV Route #61,86,840.100,840.100,3.000,0,0,0,,AGV-2
AGV Route #61,87,843.100,843.100,0,0.100,0,0,,AGV-2
AGV Route #61,88,843.200,843.200,0,0,0.500,0,,AGV-2
AGV Route #61,89,843.700,843.700,0,0,0,6.100,,
AGV Route #62,1,249.800,249.800,2.400,0,0,0,,AGV-2
AGV Route #62,2,252.200,252.200,0,0,0,0.100,,AGV-2
AGV Route #62,3,252.300,252.300,3.000,0,0,0,10,AGV-2
AGV Route #62,4,255.300,255.300,0,0.100,0,0,,AGV-2
AGV Route #62,5,255.400,255.400,0,0,5.000,0,,AGV-2
AGV Route #62,6,260.400,260.400,0,0,0,15.800,,
AGV Route #62,7,276.200,276.200,3.000,0,0,0,,AGV-2
AGV Route #62,8,279.200,279.200,0,0,0,0.100,,AGV-2
AGV Route #62,9,279.300,279.300,3.000,0,0,0,11,AGV-2
AGV Route #62,10,282.300,282.300,0,0.100,0,0,,AGV-2
AGV Route #62,11,282.400,282.400,0,0,5.000,0,,AGV-2
AGV Route #62,12,287.400,287.400,0,0,0,15.800,,
AGV Route #62,13,303.200,303.200,3.000,0,0,0,,AGV-2
AGV Route #62,14,306.200,306.200,0,0,0,0.100,,AGV-2
AGV Route #62,15,306.300,306.300,3.000,0,0,0,12,AGV-2
AGV Route #62,16,309.300,309.300,0,0.100,0,0,,AGV-2
AGV Route #62,17,309.400,309.400,0,0,5.000,0,,AGV-2
AGV Route #62,18,314.400,314.400,0,0,0,15.800,,
AGV Route #62,19,330.200,330.200,3.000,0,0,0,,AGV-2
AGV Route #62,20,333.200,333.200,0,0,0,0.100,,AGV-2
AGV Route #62,21,333.300,333.300,3.000,0,0,0,13,AGV-2
AGV Route #62,22,336.300,336.300,0,0.100,0,0,,AGV-2
AGV Route #62,23,336.400,336.400,0,0,5.000,0,,AGV-2
AGV Route #62,24,341.400,341.400,0,0,0,15.800,,
AGV Route #62,25,357.200,357.200,3.000,0,0,0,,AGV-2
AGV Route #62,26,360.200,360.200,0,0,0,0.100,,AGV-2
AGV Route #62,27,360.300,360.300,3.000,0,0,0,14,AGV-2
AGV Route #62,28,363.300,363.300,0,0.100,0,0,,AGV-2
AGV Route #62,29,363.400,363.400,0,0,5.000,0,,AGV-2
AGV Route #62,30,368.400,368.400,0,0,0,15.800,,
AGV Route #62,31,384.200,384.200,3.000,0,0,0,,AGV-2
AGV Route #62,32,387.200,387.200,0,0,0,0.100,,AGV-2
AGV Route #62,33,387.300,387.300,3.000,0,0,0,15,AGV-2
AGV Route #62,34,390.300,390.300,0,0.100,0,0,,AGV-2
AGV Route #62,35,390.400,390.400,0,0,5.000,0,,AGV-2
AGV Route #62,36,395.400,395.400,0,0,0,15.800,,
AGV Route #62,37,411.200,411.200,3.000,0,0,0,,AGV-2
AGV Route #62,38,414.200,414.200,0,0,0,0.100,,AGV-2
AGV Route #62,39,414.300,414.300,3.000,0,0,0,16,AGV-2
AGV Route #62,40,417.300,417.300,0,0.100,0,0,,AGV-2
AGV Route #62,41,417.400,417.400,0,0,5.000,0,,AGV-2
AGV Route #62,42,422.400,422.400,0,0,0,15.800,,
AGV Route #62,43,438.200,438.200,3.000,0,0,0,,AGV-2
AGV Route #62,44,441.200,441.200,0,0,0,0.100,,AGV-2
AGV Route #62,45,441.300,441.300,3.000,0,0,0,17,AGV-2
AGV Route #62,46,444.300,444.300,0,0.100,0,0,,AGV-2
AGV Route #62,47,444.400,444.400,0,0,5.000,0,,AGV-2
AGV Route #62,48,449.400,449.400,0,0,0,15.800,,
AGV Route #62,49,465.200,465.200,3.000,0,0,0,,AGV-2
AGV Route #62,50,468.200,468.200,0,0,0,0.100,,AGV-2
AGV Route #62,51,468.300,468.300,3.000,0,0,0,18,AGV-2
AGV Route #62,52,471.300,471.300,0,0.100,0,0,,AGV-2
AGV Route #62,53,471.400,471.400,0,0,5.000,0,,AGV-2
AGV Route #62,54,476.400,476.400,0,0,0,15.800,,
AGV Route #62,55,492.200,492.200,3.000,0,0,0,,AGV-2
AGV Route #62,56,495.200,495.200,0,0,0,0.100,,AGV-2
AGV Route #62,57,495.300,495.300,3.000,0,0,0,19,AGV-2
AGV Route #62,58,498.300,498.300,0,0.100,0,0,,AGV-2
AGV Route #62,59,498.400,498.400,0,0,5.000,0,,AGV-2
AGV Route #62,60,503.400,503.400,0,0,0,15.800,,
AGV Route #62,61,519.200,519.200,3.000,0,0,0,,AGV-2
AGV Route #62,62,522.200,522.200,0,0,0,0.100,,AGV-2
AGV Route #62,63,522.300,522.300,3.000,0,0,0,20,AGV-2
AGV Route #62,64,525.300,525.300,0,0.100,0,0,,AGV-2
AGV Route #62,65,525.400,525.400,0,0,5.000,0,,AGV-2
AGV Route #62,66,530.400,530.400,0,0,0,15.800,,
AGV Route #62,67,546.200,546.200,3.000,0,0,0,,AGV-2
AGV Route #62,68,549.200,549.200,0,0,0,0.100,,AGV-2
AGV Route #62,69,549.300,549.300,3.000,0,0,0,21,AGV-2
AGV Route #62,70,552.300,552.300,0,0.100,0,0,,AGV-2
AGV Route #62,71,552.400,552.400,0,0,5.000,0,,AGV-2
AGV Route #62,72,557.400,557.400,0,0,0,15.800,,
AGV Route #62,73,573.200,573.200,3.000,0,0,0,,AGV-2
AGV Route #62,74,576.200,576.200,0,0,0,0.100,,AGV-2
AGV Route #62,75,576.300,576.300,3.000,0,0,0,22,AGV-2
AGV Route #62,76,579.300,579.300,0,0.100,0,0,,AGV-2
AGV Route #62,77,579.400,579.400,0,0,5.000,0,,AGV-2
AGV Route #62,78,584.400,584.400,0,0,0,15.800,,
AGV Route #62,79,600.200,600.200,3.000,0,0,0,,AGV-2
AGV Route #62,80,603.200,603.200,0,0,0,0.100,,AGV-2
AGV Route #62,81,603.300,603.300,3.000,0,0,0,23,AGV-2
AGV Route #62,82,606.300,606.300,0,0.100,0,0,,AGV-2
AGV Route #62,83,606.400,606.400,0,0,5.000,0,,AGV-2
AGV Route #62,84,611.400,611.400,0,0,0,15.800,,
AGV Route #62,85,627.200,627.200,3.000,0,0,0,,AGV-2
AGV Route #62,86,630.200,630.200,0,0,0,0.100,,AGV-2
AGV Route #62,87,630.300,630.300,3.000,0,0,0,24,AGV-2
AGV Route #62,88,633.300,633.300,0,0.100,0,0,,AGV-2
AGV Route #62,89,633.400,633.400,0,0,5.000,0,,AGV-2
AGV Route #62,90,638.400,638.400,0,0,0,15.800,,
AGV Route #62,91,654.200,654.200,3.000,0,0,0,,AGV-2
AGV Route #62,92,657.200,657.200,0,0,0,0.100,,AGV-2
AGV Route #62,93,657.300,657.300,3.000,0,0,0,25,AGV-2
AGV Route #62,94,660.300,660.300,0,0.100,0,0,,AGV-2
AGV Route #62,95,660.400,660.400,0,0,5.000,0,,AGV-2
AGV Route #62,96,665.400,665.400,0,0,0,15.800,,
AGV Route #62,97,681.200,681.200,3.000,0,0,0,,AGV-2
AGV Route #62,98,684.200,684.200,0,0,0,0.100,,AGV-2
AGV Route #62,99,684.300,684.300,3.000,0,0,0,26,AGV-2
AGV Route #62,100,687.300,687.300,0,0.100,0,0,,AGV-2
AGV Route #62,101,687.400,687.400,0,0,5.000,0,,AGV-2
AGV Route #62,102,692.400,692.400,0,0,0,15.800,,
AGV Route #62,103,708.200,708.200,3.000,0,0,0,,AGV-2
AGV Route #62,104,711.200,711.200,0,0,0,0.100,,AGV-2
AGV Route #62,105,711.300,711.300,3.000,0,0,0,27,AGV-2
AGV Route #62,106,714.300,714.300,0,0.100,0,0,,AGV-2
AGV Route #62,107,714.400,714.400,0,0,5.000,0,,AGV-2
AGV Route #62,108,719.400,719.400,0,0,0,15.800,,
AGV Route #62,109,735.200,735.200,3.000,0,0,0,,AGV-2
AGV Route #62,110,738.200,738.200,0,0,0,0.100,,AGV-2
AGV Route #62,111,738.300,738.300,3.000,0,0,0,28,AGV-2
AGV Route #62,112,741.300,741.300,0,0.100,0,0,,AGV-2
AGV Route #62,113,741.400,741.400,0,0,5.000,0,,AGV-2
AGV Route #62,114,746.400,746.400,0,0,0,15.800,,
AGV Route #62,115,762.200,762.200,3.000,0,0,0,,AGV-2
AGV Route #62,116,765.200,765.200,0,0,0,0.100,,AGV-2
AGV Route #62,117,765.300,765.300,3.000,0,0,0,29,AGV-2
AGV Route #62,118,768.300,768.300,0,0.100,0,0,,AGV-2
AGV Route #62,119,768.400,768.400,0,0,5.000,0,,AGV-2
AGV Route #62,120,773.400,773.400,0,0,0,15.800,,
AGV Route #62,121,789.200,789.200,3.000,0,0,0,,AGV-2
AGV Route #62,122,792.200,792.200,0,0,0,0.100,,AGV-2
AGV Route #62,123,792.300,792.300,3.000,0,0,0,30,AGV-2
AGV Route #62,124,795.300,795.300,0,0.100,0,0,,AGV-2
AGV Route #62,125,795.400,795.400,0,0,5.000,0,,AGV-2
AGV Route #62,126,800.400,800.400,0,0,0,15.800,,
AGV Route #62,127,816.200,816.200,3.000,0,0,0,,AGV-2
AGV Route #62,128,819.200,819.200,0,0,0,0.100,,AGV-2
AGV Route #62,129,819.300,819.300,3.000,0,0,0,31,AGV-2
AGV Route #62,130,822.300,822.300,0,0.100,0,0,,AGV-2
AGV Route #62,131,822.400,822.400,0,0,5.000,0,,AGV-2
AGV Route #62,132,827.400,827.400,0,0,0,15.800,,
AGV Route #62,133,843.200,843.200,3.000,0,0,0,,AGV-2
AGV Route #62,134,846.200,846.200,0,0,0,0.100,,AGV-2
AGV Route #62,135,846.300,846.300,3.000,0,0,0,32,AGV-2
AGV Route #62,136,849.300,849.300,0,0.100,0,0,,AGV-2
AGV Route #62,137,849.400,849.400,0,0,0.400,0,,AGV-2
Equipment #63,1,249.800,249.800,0,0,0,11.900,,
Equipment #63,2,261.700,261.700,4.000,0,0,0,10,
Equipment #63,3,265.700,265.700,0,0.100,0,0,10,
Equipment #63,4,265.800,265.800,0,0,2.000,0,10,
Equipment #63,5,267.800,267.800,0,0,0,0.100,10,
Equipment #63,6,267.900,267.900,0,0,0,20.800,,
Equipment #63,7,288.700,288.700,5.000,0,0,0,11,
Equipment #63,8,293.700,293.700,0,0.100,0,0,11,
Equipment #63,9,293.800,293.800,0,0,3.000,0,11,
Equipment #63,10,296.800,296.800,0,0,0,0.100,11,
Equipment #63,11,296.900,296.900,0,0,0,18.800,,
Equipment #63,12,315.700,315.700,4.000,0,0,0,12,
Equipment #63,13,319.700,319.700,0,0.100,0,0,12,
Equipment #63,14,319.800,319.800,0,0,2.000,0,12,
Equipment #63,15,321.800,321.800,0,0,0,0.100,12,
Equipment #63,16,321.900,321.900,0,0,0,20.800,,
Equipment #63,17,342.700,342.700,5.000,0,0,0,13,
Equipment #63,18,347.700,347.700,0,0.100,0,0,13,
Equipment #63,19,347.800,347.800,0,0,3.000,0,13,
Equipment #63,20,350.800,350.800,0,0,0,0.100,13,
Equipment #63,21,350.900,350.900,0,0,0,18.800,,
Equipment #63,22,369.700,369.700,4.000,0,0,0,14,
Equipment #63,23,373.700,373.700,0,0.100,0,0,14,
Equipment #63,24,373.800,373.800,0,0,2.000,0,14,
Equipment #63,25,375.800,375.800,0,0,0,0.100,14,
Equipment #63,26,375.900,375.900,0,0,0,20.800,,
Equipment #63,27,396.700,396.700,5.000,0,0,0,15,
Equipment #63,28,401.700,401.700,0,0.100,0,0,15,
Equipment #63,29,401.800,401.800,0,0,3.000,0,15,
Equipment #63,30,404.800,404.800,0,0,0,0.100,15,
Equipment #63,31,404.900,404.900,0,0,0,18.800,,
Equipment #63,32,423.700,423.700,4.000,0,0,0,16,
Equipment #63,33,427.700,427.700,0,0.100,0,0,16,
Equipment #63,34,427.800,427.800,0,0,2.000,0,16,
Equipment #63,35,429.800,429.800,0,0,0,0.100,16,
Equipment #63,36,429.900,429.900,0,0,0,20.800,,
Equipment #63,37,450.700,450.700,5.000,0,0,0,17,
Equipment #63,38,455.700,455.700,0,0.100,0,0,17,
Equipment #63,39,455.800,455.800,0,0,3.000,0,17,
Equipment #63,40,458.800,458.800,0,0,0,0.100,17,
Equipment #63,41,458.900,458.900,0,0,0,18.800,,
Equipment #63,42,477.700,477.700,4.000,0,0,0,18,
Equipment #63,43,481.700,481.700,0,0.100,0,0,18,
Equipment #63,44,481.800,481.800,0,0,2.000,0,18,
Equipment #63,45,483.800,483.800,0,0,0,0.100,18,
Equipment #63,46,483.900,483.900,0,0,0,20.800,,
Equipment #63,47,504.700,504.700,5.000,0,0,0,19,
Equipment #63,48,509.700,509.700,0,0.100,0,0,19,
Equipment #63,49,509.800,509.800,0,0,3.000,0,19,
Equipment #63,50,512.800,512.800,0,0,0,0.100,19,
Equipment #63,51,512.900,512.900,0,0,0,18.800,,
Equipment #63,52,531.700,531.700,4.000,0,0,0,20,
Equipment #63,53,535.700,535.700,0,0.100,0,0,20,
Equipment #63,54,535.800,535.800,0,0,2.000,0,20,
Equipment #63,55,537.800,537.800,0,0,0,0.100,20,
Equipment #63,56,537.900,537.900,0,0,0,20.800,,
Equipment #63,57,558.700,558.700,5.000,0,0,0,21,
Equipment #63,58,563.700,563.700,0,0.100,0,0,21,
Equipment #63,59,563.800,563.800,0,0,3.000,0,21,
Equipment #63,60,566.800,566.800,0,0,0,0.100,21,
Equipment #63,61,566.900,566.900,0,0,0,18.800,,
Equipment #63,62,585.700,585.700,4.000,0,0,0,22,
Equipment #63,63,589.700,589.700,0,0.100,0,0,22,
Equipment #63,64,589.800,589.800,0,0,2.000,0,22,
Equipment #63,65,591.800,591.800,0,0,0,0.100,22,
Equipment #63,66,591.900,591.900,0,0,0,20.800,,
Equipment #63,67,612.700,612.700,5.000,0,0,0,23,
Equipment #63,68,617.700,617.700,0,0.100,0,0,23,
Equipment #63,69,617.800,617.800,0,0,3.000,0,23,
Equipment #63,70,620.800,620.800,0,0,0,0.100,23,
Equipment #63,71,620.900,620.900,0,0,0,18.800,,
Equipment #63,72,639.700,639.700,4.000,0,0,0,24,
Equipment #63,73,643.700,643.700,0,0.100,0,0,24,
Equipment #63,74,643.800,643.800,0,0,2.000,0,24,
Equipment #63,75,645.800,645.800,0,0,0,0.100,24,
Equipment #63,76,645.900,645.900,0,0,0,20.800,,
Equipment #63,77,666.700,666.700,5.000,0,0,0,25,
Equipment #63,78,671.700,671.700,0,0.100,0,0,25,
Equipment #63,79,671.800,671.800,0,0,3.000,0,25,
Equipment #63,80,674.800,674.800,0,0,0,0.100,25,
Equipment #63,81,674.900,674.900,0,0,0,18.800,,
Equipment #63,82,693.700,693.700,4.000,0,0,0,26,
Equipment #63,83,697.700,697.700,0,0.100,0,0,26,
Equipment #63,84,697.800,697.800,0,0,2.000,0,26,
Equipment #63,85,699.800,699.800,0,0,0,0.100,26,
Equipment #63,86,699.900,699.900,0,0,0,20.800,,
Equipment #63,87,720.700,720.700,5.000,0,0,0,27,
Equipment #63,88,725.700,725.700,0,0.100,0,0,27,
Equipment #63,89,725.800,725.800,0,0,3.000,0,27,
Equipment #63,90,728.800,728.800,0,0,0,0.100,27,
Equipment #63,91,728.900,728.900,0,0,0,18.800,,
Equipment #63,92,747.700,747.700,4.000,0,0,0,28,
Equipment #63,93,751.700,751.700,0,0.100,0,0,28,
Equipment #63,94,751.800,751.800,0,0,2.000,0,28,
Equipment #63,95,753.800,753.800,0,0,0,0.100,28,
Equipment #63,96,753.900,753.900,0,0,0,20.800,,
Equipment #63,97,774.700,774.700,5.000,0,0,0,29,
Equipment #63,98,779.700,779.700,0,0.100,0,0,29,
Equipment #63,99,779.800,779.800,0,0,3.000,0,29,
Equipment #63,100,782.800,782.800,0,0,0,0.100,29,
Equipment #63,101,782.900,782.900,0,0,0,18.800,,
Equipment #63,102,801.700,801.700,4.000,0,0,0,30,
Equipment #63,103,805.700,805.700,0,0.100,0,0,30,
Equipment #63,104,805.800,805.800,0,0,2.000,0,30,
Equipment #63,105,807.800,807.800,0,0,0,0.100,30,
Equipment #63,106,807.900,807.900,0,0,0,20.800,,
Equipment #63,107,828.700,828.700,5.000,0,0,0,31,
Equipment #63,108,833.700,833.700,0,0.100,0,0,31,
Equipment #63,109,833.800,833.800,0,0,3.000,0,31,
Equipment #63,110,836.800,836.800,0,0,0,0.100,31,
Equipment #63,111,836.900,836.900,0,0,0,12.900,,
Sink #66,1,249.800,249.800,0,0,0,0,9,
Sink #66,2,265.800,265.800,0,0,0,0,10,
Sink #66,3,293.800,293.800,0,0,0,0,11,
Sink #66,4,319.800,319.800,0,0,0,0,12,
Sink #66,5,347.800,347.800,0,0,0,0,13,
Sink #66,6,373.800,373.800,0,0,0,0,14,
Sink #66,7,401.800,401.800,0,0,0,0,15,
Sink #66,8,427.800,427.800,0,0,0,0,16,
Sink #66,9,455.800,455.800,0,0,0,0,17,
Sink #66,10,481.800,481.800,0,0,0,0,18,
Sink #66,11,509.800,509.800,0,0,0,0,19,
Sink #66,12,535.800,535.800,0,0,0,0,20,
Sink #66,13,563.800,563.800,0,0,0,0,21,
Sink #66,14,589.800,589.800,0,0,0,0,22,
Sink #66,15,617.800,617.800,0,0,0,0,23,
Sink #66,16,643.800,643.800,0,0,0,0,24,
Sink #66,17,671.800,671.800,0,0,0,0,25,
Sink #66,18,697.800,697.800,0,0,0,0,26,
Sink #66,19,725.800,725.800,0,0,0,0,27,
Sink #66,20,751.800,751.800,0,0,0,0,28,
Sink #66,21,779.800,779.800,0,0,0,0,29,
Sink #66,22,805.800,805.800,0,0,0,0,30,
Sink #66,23,833.800,833.800,0,0,0,0,31,